rn	reflex	gloss	gfn	srcabbr	lgid	language	srcid
448155	ʔkʰaːn.kʰɔ	sky		HSH-SCL	1953	Daai	1
448156	ŋmeⁱ	cloud		HSH-SCL	1953	Daai	2
448157	kʰɔmik	sun		HSH-SCL	1953	Daai	3
448158	maʔkɣʰa	moon		HSH-SCL	1953	Daai	4
448159	aːi◦sʰi	star		HSH-SCL	1953	Daai	5
448160	kʰɔkʰi	wind		HSH-SCL	1953	Daai	6
448161	kʰɔʔa	rain		HSH-SCL	1953	Daai	7
448162	ja.pi	rainbow		HSH-SCL	1953	Daai	8
448163	kʰɔjiːn	mist		HSH-SCL	1953	Daai	9
448164	mtʰan	night		HSH-SCL	1953	Daai	10
448165	mɴïːp	day		HSH-SCL	1953	Daai	11
448166	kʰɔ◦kum	year		HSH-SCL	1953	Daai	12
448167	ɣɛɣɔʔ	hail		HSH-SCL	1953	Daai	13
448168	ɴaːŋ	snow		HSH-SCL	1953	Daai	14
448169	tu ́ⁱ|	water		HSH-SCL	1953	Daai	16
448170	tu ́ⁱnú	river		HSH-SCL	1953	Daai	17
448171	túⁱli	lake		HSH-SCL	1953	Daai	18
448172	mlik.tuⁱ	sea		HSH-SCL	1953	Daai	19
448173	kʰɔmɗɛk	earth		HSH-SCL	1953	Daai	20
448174	lúŋ	stone		HSH-SCL	1953	Daai	21
448175	mɗiˀ	sand		HSH-SCL	1953	Daai	22
448176	lɔk	mud		HSH-SCL	1953	Daai	23
448177	mput	dust		HSH-SCL	1953	Daai	24
448178	xïⁱ	gold		HSH-SCL	1953	Daai	25
448179	ŋuⁱ	silver		HSH-SCL	1953	Daai	26
448180	msuːŋ	mountain		HSH-SCL	1953	Daai	27
448181	tʰiŋ.ɗuŋ	tree		HSH-SCL	1953	Daai	28
448182	mɔ́	forest		HSH-SCL	1953	Daai	29
448183	ɴaˀ	leaf		HSH-SCL	1953	Daai	30
448184	hɔk	bark		HSH-SCL	1953	Daai	31
448185	paːⁱ◦paːⁱ	flower		HSH-SCL	1953	Daai	32
448186	pɣá	root		HSH-SCL	1953	Daai	33
448187	ˀtʰeⁱˀ	fruit		HSH-SCL	1953	Daai	34
448188	uⁱ	seed		HSH-SCL	1953	Daai	35
448189	mpɣʰɔ́	grass		HSH-SCL	1953	Daai	36
448190	tʰiŋ.mtɔ́n	branch		HSH-SCL	1953	Daai	37
448191	ɴampɔ	banana		HSH-SCL	1953	Daai	38
448192	muːⁱ	rattan		HSH-SCL	1953	Daai	39
448193	sʰaˀkʰáˀtʰeⁱˀ	papaya		HSH-SCL	1953	Daai	41
448194	ˀkʰá	bird		HSH-SCL	1953	Daai	43
448195	ŋpɣʰa	wing		HSH-SCL	1953	Daai	44
448196	ˀkʰamú	feather		HSH-SCL	1953	Daai	45
448197	jɔːn	fly		HSH-SCL	1953	Daai	46
448198	ˀtúⁱ	egg		HSH-SCL	1953	Daai	47
448199	ŋméⁱ	tail		HSH-SCL	1953	Daai	48
448200	mtin	claw		HSH-SCL	1953	Daai	49
448201	ˀkɣʰïŋ.sʰeⁱ	horn		HSH-SCL	1953	Daai	50
448202	úi	animal		HSH-SCL	1953	Daai	51
448203	wɔk	dog		HSH-SCL	1953	Daai	52
448204	aːⁱsá	pig		HSH-SCL	1953	Daai	53
448205	ŋá	duck		HSH-SCL	1953	Daai	55
448206	pɣʰuˀpɣʰaⁱ	fish		HSH-SCL	1953	Daai	56
448207	pɣʰuʔ◦pɣʰaːⁱ	snake		HSH-SCL	1953	Daai	57
448208	ʔpɣʰu	rat		HSH-SCL	1953	Daai	58
448209	jɛ	rabbit		HSH-SCL	1953	Daai	59
448210	jɔːŋ	monkey		HSH-SCL	1953	Daai	60
448211	sʰaʔkʰi	deer		HSH-SCL	1953	Daai	61
448212	m̩pɣəᵘk	tiger		HSH-SCL	1953	Daai	62
448213	ʔkeⁱ	tiger		HSH-SCL	1953	Daai	62
448214	m̩◦ná	buffalo		HSH-SCL	1953	Daai	63
448215	sʰɛ	cow		HSH-SCL	1953	Daai	64
448216	m̩puⁱ	elephant		HSH-SCL	1953	Daai	65
448217	m̩puⁱha	elephant tusk		HSH-SCL	1953	Daai	66
448218	m̩sɛ́ːŋkɔlak	worm		HSH-SCL	1953	Daai	67
448219	m̩ti	scorpion		HSH-SCL	1953	Daai	68
448220	waːm◦wɔ	spider		HSH-SCL	1953	Daai	69
448221	xïk	louse		HSH-SCL	1953	Daai	70
448222	m̩kɔᵘkɣaːŋ	mosquito		HSH-SCL	1953	Daai	71
448223	ʔpi	fly	n	HSH-SCL	1953	Daai	72
448224	ɴa◦kɔŋ	nose		HSH-SCL	1953	Daai	73
448225	mik	eye		HSH-SCL	1953	Daai	74
448226	ŋ̩ɴ̹a	ear		HSH-SCL	1953	Daai	75
448227	lu	head		HSH-SCL	1953	Daai	76
448228	m̩pɣɔŋ	mouth		HSH-SCL	1953	Daai	77
448229	ha	tooth		HSH-SCL	1953	Daai	78
448230	m̩leⁱ	tongue		HSH-SCL	1953	Daai	79
448231	lu̥◦sʰam	hair		HSH-SCL	1953	Daai	80
448232	ŋ̩ɴ̹ï	neck		HSH-SCL	1953	Daai	81
448233	ʔpɣʰɛːŋm̩suːŋ	shoulder		HSH-SCL	1953	Daai	82
448234	siʔ	chest		HSH-SCL	1953	Daai	83
448235	ɴú	back		HSH-SCL	1953	Daai	84
448236	m̩luŋ	heart		HSH-SCL	1953	Daai	85
448237	ʔkʰɔn.nú	abdomen		HSH-SCL	1953	Daai	86
448238	puk	abdomen		HSH-SCL	1953	Daai	86
448239	ʔkɣʰï	intestines		HSH-SCL	1953	Daai	87
448240	m̩tʰin	liver		HSH-SCL	1953	Daai	88
448241	kut	hand		HSH-SCL	1953	Daai	89
448242	m̩ja	palm		HSH-SCL	1953	Daai	90
448243	m̩tín	nail		HSH-SCL	1953	Daai	91
448244	kʰɔ	leg		HSH-SCL	1953	Daai	92
448245	kʰɔ	foot		HSH-SCL	1953	Daai	93
448246	m̩kʰúːk.lu	knee		HSH-SCL	1953	Daai	94
448247	pʰeⁱ	thigh		HSH-SCL	1953	Daai	95
448248	m̩tan.ˀɓəm	calf		HSH-SCL	1953	Daai	96
448249	tʰí	blood		HSH-SCL	1953	Daai	97
448250	ɣuˀ	bone		HSH-SCL	1953	Daai	98
448251	wún	skin		HSH-SCL	1953	Daai	99
448252	sʰá	flesh		HSH-SCL	1953	Daai	100
448253	tʰaːu	fat		HSH-SCL	1953	Daai	101
448254	xḯn	live		HSH-SCL	1953	Daai	102
448255	tʰiˀ	die		HSH-SCL	1953	Daai	102
448256	m̩ɴat.eⁱ	sick		HSH-SCL	1953	Daai	104
448257	ŋ̩xï	breath		HSH-SCL	1953	Daai	105
448258	ŋ̩jaːk	hear		HSH-SCL	1953	Daai	106
448259	muˀ	see		HSH-SCL	1953	Daai	107
448260	pɣɛn	speak		HSH-SCL	1953	Daai	108
448261	ŋ̩tʰuˀ	speak		HSH-SCL	1953	Daai	108
448262	sʰak	speak		HSH-SCL	1953	Daai	108
448263	ɣaⁱˀ	laugh		HSH-SCL	1953	Daai	109
448264	kɣaˀ	weep		HSH-SCL	1953	Daai	110
448265	m̩jɔ́n	suck		HSH-SCL	1953	Daai	111
448266	m̩si	spit		HSH-SCL	1953	Daai	112
448267	muːt	blow		HSH-SCL	1953	Daai	113
448268	suⁱˀ	bite		HSH-SCL	1953	Daai	114
448269	eⁱ	eat		HSH-SCL	1953	Daai	115
448270	ɔ́ːk	drink		HSH-SCL	1953	Daai	116
448271	m̩pɣïⁱ	drunk		HSH-SCL	1953	Daai	117
448272	m ̩lɔʔ	vomit		HSH-SCL	1953	Daai	118
448273	tʰu	smell		HSH-SCL	1953	Daai	119
448274	ŋ̩ŋaːⁱ	think		HSH-SCL	1953	Daai	120
448275	sʰíŋ	know		HSH-SCL	1953	Daai	121
448276	mat	know		HSH-SCL	1953	Daai	121
448277	kʰɛʔ	count		HSH-SCL	1953	Daai	122
448278	ʔkɣïʔ	fear		HSH-SCL	1953	Daai	123
448279	ɬï.eⁱ	want		HSH-SCL	1953	Daai	124
448280	iʔ	sleep		HSH-SCL	1953	Daai	125
448281	ŋ̩kɔʔ	lie		HSH-SCL	1953	Daai	126
448282	ŋ̩ɗïːⁱʔ	stand		HSH-SCL	1953	Daai	127
448283	tʰou	stand		HSH-SCL	1953	Daai	127
448284	ŋ̩sʰut	sit		HSH-SCL	1953	Daai	128
448285	ŋ̩ɔʔ	sit		HSH-SCL	1953	Daai	128
448286	sɛʔ	walk		HSH-SCL	1953	Daai	129
448287	lɔk	come		HSH-SCL	1953	Daai	130
448288	luʔ	enter		HSH-SCL	1953	Daai	131
448289	vaːŋ	enter		HSH-SCL	1953	Daai	131
448290	sɛʔɓɛ	return		HSH-SCL	1953	Daai	132
448291	ŋ̩lat	turn		HSH-SCL	1953	Daai	133
448292	jɔʔ	swim		HSH-SCL	1953	Daai	134
448293	ŋ̩pʰɔːn	float		HSH-SCL	1953	Daai	135
448294	lɔːn	flow		HSH-SCL	1953	Daai	136
448295	ɓuːk	push		HSH-SCL	1953	Daai	137
448296	kaⁱʔ	pull		HSH-SCL	1953	Daai	138
448297	kʰɔːŋ	throw		HSH-SCL	1953	Daai	139
448298	kɣʰaʔ	fall		HSH-SCL	1953	Daai	140
448299	pɛ́ːt	give		HSH-SCL	1953	Daai	141
448300	lɔʔ	take		HSH-SCL	1953	Daai	142
448301	m̩tʰiʔ	wash		HSH-SCL	1953	Daai	143
448302	m̩sʰɔp	launder		HSH-SCL	1953	Daai	144
448303	ɓɔᵘ	split		HSH-SCL	1953	Daai	145
448304	ɣaⁱ	tie		HSH-SCL	1953	Daai	146
448305	kʰun	tie		HSH-SCL	1953	Daai	146
448306	xuʔ	wipe		HSH-SCL	1953	Daai	147
448307	pɣɔ́ːt	rub		HSH-SCL	1953	Daai	148
448308	suːk	hit		HSH-SCL	1953	Daai	149
448309	ʔkɣʰïʔ	cut		HSH-SCL	1953	Daai	150
448310	tuk	stab		HSH-SCL	1953	Daai	151
448311	sɔʔ	dig		HSH-SCL	1953	Daai	152
448312	kɣʰɔːt	scratch		HSH-SCL	1953	Daai	153
448313	xaːk	squeeze		HSH-SCL	1953	Daai	154
448314	ʔpa.mi	man		HSH-SCL	1953	Daai	155
448315	ŋ̩Mu.mí	woman		HSH-SCL	1953	Daai	156
448316	ʔkɣʰaːŋ	person		HSH-SCL	1953	Daai	157
448317	paːⁱ	father		HSH-SCL	1953	Daai	158
448318	nəːⁱ	mother		HSH-SCL	1953	Daai	159
448319	ɴasʰɛn	child		HSH-SCL	1953	Daai	160
448320	kʰɔŋ.pá	husband		HSH-SCL	1953	Daai	161
448321	ʔkɣhú	wife		HSH-SCL	1953	Daai	162
448322	ɓɛ.ɓɛ	(el.) bro.		HSH-SCL	1953	Daai	163
448323	si.si	(el.) sist.		HSH-SCL	1953	Daai	164
448324	na.na	yngr.sibl.		HSH-SCL	1953	Daai	165
448325	ŋ̩miŋ	name		HSH-SCL	1953	Daai	166
448326	k̯éⁱ	I		HSH-SCL	1953	Daai	167
448327	náŋ	you (sg)		HSH-SCL	1953	Daai	168
448328	aʔ	he		HSH-SCL	1953	Daai	169
448329	niʔniʔɛ́	we		HSH-SCL	1953	Daai	170
448330	náŋ.niʔɛ́	you (pl)		HSH-SCL	1953	Daai	171
448331	aʔniʔɛ	they		HSH-SCL	1953	Daai	172
448332	saːŋ	paddy rice		HSH-SCL	1953	Daai	173
448333	ʔsáŋ	pounded rice		HSH-SCL	1953	Daai	174
448334	ɓuʔ	cooked rice		HSH-SCL	1953	Daai	175
448335	m̩papum	corn		HSH-SCL	1953	Daai	176
448336	m̩si	salt		HSH-SCL	1953	Daai	177
448337	sʰaŋ.pʰɔ	red pepper		HSH-SCL	1953	Daai	178
448338	sʰuʔkʰɛ	pestle		HSH-SCL	1953	Daai	180
448339	ʔsʰúm	mortar		HSH-SCL	1953	Daai	181
448340	eⁱ.sʰɔːn	cook	v	HSH-SCL	1953	Daai	182
448341	tʰíŋ	firewood		HSH-SCL	1953	Daai	183
448342	méⁱ	fire		HSH-SCL	1953	Daai	184
448343	uⁱʔ	burn		HSH-SCL	1953	Daai	185
448344	meⁱʔkʰu	ashes		HSH-SCL	1953	Daai	186
448345	kúːk	smoke		HSH-SCL	1953	Daai	187
448346	lám	road, path		HSH-SCL	1953	Daai	188
448347	ím	house		HSH-SCL	1953	Daai	189
448348	ʔtiʔ	roof		HSH-SCL	1953	Daai	190
448349	ɣïⁱ	cord		HSH-SCL	1953	Daai	191
448350	ʔkɣʰïⁱ	sew		HSH-SCL	1953	Daai	192
448351	sʰuⁱsʰak	clothing		HSH-SCL	1953	Daai	193
448352	ʔkɣʰï	loincloth		HSH-SCL	1953	Daai	194
448353	pɔʔ	work	v	HSH-SCL	1953	Daai	195
448354	kʰuːt	work	v	HSH-SCL	1953	Daai	195
448355	ŋ̩lïn	play		HSH-SCL	1953	Daai	196
448356	ŋ̩.ə́ⁱ	sing		HSH-SCL	1953	Daai	197
448357	ŋ ̩◦laːm	dance		HSH-SCL	1953	Daai	198
448358	ʔsiŋ	drum		HSH-SCL	1953	Daai	199
448359	ŋ̩sʰeːⁱ	drum		HSH-SCL	1953	Daai	199
448360	mɔːŋ	gong		HSH-SCL	1953	Daai	200
448361	ʔkɣʰəⁱʔ	buy		HSH-SCL	1953	Daai	201
448362	lí	crossbow		HSH-SCL	1953	Daai	202
448363	m̩la	arrow		HSH-SCL	1953	Daai	203
448364	ʔseⁱ	spear		HSH-SCL	1953	Daai	204
448365	kaʔ	shoot		HSH-SCL	1953	Daai	205
448366	sʰaʔtəm	hunt		HSH-SCL	1953	Daai	206
448367	ɴim	kill		HSH-SCL	1953	Daai	207
448368	ŋ̩tuːn	fight		HSH-SCL	1953	Daai	208
448369	mat	one		HSH-SCL	1953	Daai	209
448370	ŋ̩ɴ̹iʔ	two		HSH-SCL	1953	Daai	210
448371	ʔtʰum	three		HSH-SCL	1953	Daai	211
448372	ʔpɣʰï	four		HSH-SCL	1953	Daai	212
448373	m̩Ma	five		HSH-SCL	1953	Daai	213
448374	ʔkɣʰuk	six		HSH-SCL	1953	Daai	214
448375	ʔkɣʰïʔ	seven		HSH-SCL	1953	Daai	215
448376	ʔkɣʰɛt	eight		HSH-SCL	1953	Daai	216
448377	ʔkɔ	nine		HSH-SCL	1953	Daai	217
448378	xa	ten		HSH-SCL	1953	Daai	218
448379	m̩ku	twenty		HSH-SCL	1953	Daai	219
448380	ḁpɣʰa	hundred		HSH-SCL	1953	Daai	220
448381	ḁɓəŋ	all		HSH-SCL	1953	Daai	221
448382	pəⁱʔ	all		HSH-SCL	1953	Daai	221
448383	kʰɔ.haʔ	many		HSH-SCL	1953	Daai	222
448384	ḁkʰək	some		HSH-SCL	1953	Daai	223
448385	ḁpisá	few		HSH-SCL	1953	Daai	224
448386	ɗəm	big		HSH-SCL	1953	Daai	225
448387	ɗíːk	small		HSH-SCL	1953	Daai	226
448388	sʰaːu	long		HSH-SCL	1953	Daai	227
448389	ɬuŋ	tall		HSH-SCL	1953	Daai	228
448390	tɔːⁱ	short		HSH-SCL	1953	Daai	229
448391	pu◦lum	round		HSH-SCL	1953	Daai	230
448392	ɴip	smooth		HSH-SCL	1953	Daai	231
448393	sʰaʔ	thick		HSH-SCL	1953	Daai	232
448394	pim	thin		HSH-SCL	1953	Daai	233
448395	jaᵘ	wide		HSH-SCL	1953	Daai	234
448396	ɗíːk	narrow		HSH-SCL	1953	Daai	235
448397	lɛ	black		HSH-SCL	1953	Daai	236
448398	sʰɛn	red		HSH-SCL	1953	Daai	237
448399	ɓɔ́ːk	white		HSH-SCL	1953	Daai	238
448400	ḁʔsiŋ	green		HSH-SCL	1953	Daai	239
448401	ŋ̩.aːⁱ	yellow		HSH-SCL	1953	Daai	240
448402	ŋ̩ɣɔŋ	dry		HSH-SCL	1953	Daai	241
448403	sɔːⁱ	wet		HSH-SCL	1953	Daai	242
448404	ʔtʰu	rotten		HSH-SCL	1953	Daai	243
448405	ŋ ̩pɣʰïŋ	swell		HSH-SCL	1953	Daai	244
448406	ʔɓɛ	full		HSH-SCL	1953	Daai	245
448407	m̩tuⁱ.m̩lɛʔ	dirty		HSH-SCL	1953	Daai	246
448408	xaːt	sharp		HSH-SCL	1953	Daai	247
448409	ɴɔʔti	dull		HSH-SCL	1953	Daai	248
448410	ḁʔ◦tʰaːⁱ	new		HSH-SCL	1953	Daai	249
448411	ḁʔɬɔk	hot		HSH-SCL	1953	Daai	250
448412	ḁʔɔʔ	hot		HSH-SCL	1953	Daai	250
448413	ɣɛ	cold		HSH-SCL	1953	Daai	251
448414	ʔɣïʔ	heavy		HSH-SCL	1953	Daai	252
448415	ŋ̩pɣuːn	straight		HSH-SCL	1953	Daai	253
448416	ḁʔsanɡ	right		HSH-SCL	1953	Daai	254
448417	ḁʔdɔ	good		HSH-SCL	1953	Daai	255
448418	ḁʔsʰɛ	bad		HSH-SCL	1953	Daai	256
448419	aʔ.ï	old-aged		HSH-SCL	1953	Daai	257
448420	ḁʔtʰúːk	far		HSH-SCL	1953	Daai	258
448421	ḁʔsəʔ	near		HSH-SCL	1953	Daai	259
448422	ʔkʰɛ́ːt.lám	rightside		HSH-SCL	1953	Daai	260
448423	ʔsɔŋ.lám	leftside		HSH-SCL	1953	Daai	261
448424	laŋ.laŋ	same		HSH-SCL	1953	Daai	262
448425	təŋ.təŋ	same		HSH-SCL	1953	Daai	262
448426	ɴ̹a.ɴ̹a	different		HSH-SCL	1953	Daai	263
448427	hiʔa	here		HSH-SCL	1953	Daai	264
448428	səʔa	there		HSH-SCL	1953	Daai	265
448429	hin	this		HSH-SCL	1953	Daai	266
448430	sun	that		HSH-SCL	1953	Daai	267
448431	ituʔ.ïŋ	when?		HSH-SCL	1953	Daai	268
448432	hɔʔa	where?		HSH-SCL	1953	Daai	269
448433	u.ja	who?		HSH-SCL	1953	Daai	270
448434	i.ja	what?		HSH-SCL	1953	Daai	271
448435	jaʔ	and		HSH-SCL	1953	Daai	272
448436	maʔmaʔ	with		HSH-SCL	1953	Daai	273
448437	ïŋ	at		HSH-SCL	1953	Daai	274
448438	a	at		HSH-SCL	1953	Daai	274
448439	i.a.kɣalïni.ti.kaʔ.ta	because		HSH-SCL	1953	Daai	275
448440	ihɔʔɓa	how		HSH-SCL	1953	Daai	276
448441	ïŋ.ta	if		HSH-SCL	1953	Daai	277
448442	ʔum	in		HSH-SCL	1953	Daai	278
448443	am	not		HSH-SCL	1953	Daai	279
448444	kəʔ	not		HSH-SCL	1953	Daai	279
448445	am.ni.ham	(not)yet		HSH-SCL	1953	Daai	280
448446	pəəŋ	already		HSH-SCL	1953	Daai	281
448447	kʰo.uⁱ	sky		HSH-SCL	1954	Nyhmoye	1
448448	ŋmɛ.tšⁱ	cloud		HSH-SCL	1954	Nyhmoye	2
448449	kʰo.meⁱk	sun		HSH-SCL	1954	Nyhmoye	3
448450	tšʰa	moon		HSH-SCL	1954	Nyhmoye	4
448451	aː◦šʰi	star		HSH-SCL	1954	Nyhmoye	5
448452	kʰɔ.ŋhui	wind		HSH-SCL	1954	Nyhmoye	6
448453	kʰoʔa	rain		HSH-SCL	1954	Nyhmoye	7
448454	makatši	rainbow		HSH-SCL	1954	Nyhmoye	8
448455	ŋmɛ.tši	mist		HSH-SCL	1954	Nyhmoye	9
448456	mtʰaːn	night		HSH-SCL	1954	Nyhmoye	10
448457	kʰɔ.mɴïːp	day		HSH-SCL	1954	Nyhmoye	11
448458	kʰɔ.kum	year		HSH-SCL	1954	Nyhmoye	12
448459	kʰɔ.ʔa.ɣuʔ	hail		HSH-SCL	1954	Nyhmoye	13
448460	tu ́ⁱ|	water		HSH-SCL	1954	Nyhmoye	16
448461	tu ́ⁱnú	river		HSH-SCL	1954	Nyhmoye	17
448462	túⁱli	lake		HSH-SCL	1954	Nyhmoye	18
448463	mlɛt.túⁱ	sea		HSH-SCL	1954	Nyhmoye	19
448464	kʰɔnamɗɛ ̂k	earth		HSH-SCL	1954	Nyhmoye	20
448465	lúŋ.paːŋ	stone		HSH-SCL	1954	Nyhmoye	21
448466	sala	sand		HSH-SCL	1954	Nyhmoye	22
448467	sala.mɗɛ ̂k	mud		HSH-SCL	1954	Nyhmoye	23
448468	mpuk.kʰuⁱ	dust		HSH-SCL	1954	Nyhmoye	24
448469	s̆ïⁱ	gold		HSH-SCL	1954	Nyhmoye	25
448470	ŋuⁱ	silver		HSH-SCL	1954	Nyhmoye	26
448471	kʰɔ.msuːŋ	mountain		HSH-SCL	1954	Nyhmoye	27
448472	tʰéⁱŋ.ɗuŋ	tree		HSH-SCL	1954	Nyhmoye	28
448473	kʰɔˀpɣɔŋ	forest		HSH-SCL	1954	Nyhmoye	29
448474	ɴaˀ	leaf		HSH-SCL	1954	Nyhmoye	30
448475	a̯hɔk	bark		HSH-SCL	1954	Nyhmoye	31
448476	kʰəⁱ◦paː	flower		HSH-SCL	1954	Nyhmoye	32
448477	tʰéⁱŋ.joːŋ	root		HSH-SCL	1954	Nyhmoye	33
448478	tʰéⁱˀtʰeⁱ	fruit		HSH-SCL	1954	Nyhmoye	34
448479	uⁱ	seed		HSH-SCL	1954	Nyhmoye	35
448480	kʰɔ.mu	grass		HSH-SCL	1954	Nyhmoye	36
448481	tʰeⁱˀ◦ts̆ʰɔːŋ	branch		HSH-SCL	1954	Nyhmoye	37
448482	ʔkʰʌ́	bird		HSH-SCL	1954	Nyhmoye	43
448483	ŋpɣʰa	wing		HSH-SCL	1954	Nyhmoye	44
448484	pɣʰamïi	feather		HSH-SCL	1954	Nyhmoye	45
448485	jɔːŋ	fly		HSH-SCL	1954	Nyhmoye	46
448486	aŋ◦tui	egg		HSH-SCL	1954	Nyhmoye	47
448487	ŋ◦mɛi	tail		HSH-SCL	1954	Nyhmoye	48
448488	mtín	claw		HSH-SCL	1954	Nyhmoye	49
448489	ci	horn		HSH-SCL	1954	Nyhmoye	50
448490	ʔsʰei	animal		HSH-SCL	1954	Nyhmoye	51
448491	úi	dog		HSH-SCL	1954	Nyhmoye	52
448492	vɔk	pig		HSH-SCL	1954	Nyhmoye	53
448493	aː◦sʰá	chicken		HSH-SCL	1954	Nyhmoye	54
448494	ŋá	fish		HSH-SCL	1954	Nyhmoye	56
448495	ʔpɣʰú	snake		HSH-SCL	1954	Nyhmoye	57
448496	ˀpɣʰu.ɴaːm	rat		HSH-SCL	1954	Nyhmoye	58
448497	juːm	rabbit		HSH-SCL	1954	Nyhmoye	59
448498	jɔ́ːŋ	monkey		HSH-SCL	1954	Nyhmoye	60
448499	sʰaˀtšʰi	deer		HSH-SCL	1954	Nyhmoye	61
448500	sʰa◦ˀei	tiger		HSH-SCL	1954	Nyhmoye	62
448501	m̩◦nʌ́ː	buffalo		HSH-SCL	1954	Nyhmoye	63
448502	sʰɛ	cow		HSH-SCL	1954	Nyhmoye	64
448503	m̩puːⁱ	elephant		HSH-SCL	1954	Nyhmoye	65
448504	m̩puːⁱha	elephant tusk		HSH-SCL	1954	Nyhmoye	66
448505	sɛᶺkɔlak	worm		HSH-SCL	1954	Nyhmoye	67
448506	ʔpɣʰïm̩ti	scorpion		HSH-SCL	1954	Nyhmoye	68
448507	vɔᶺm◦va	spider		HSH-SCL	1954	Nyhmoye	69
448508	šík	louse		HSH-SCL	1954	Nyhmoye	70
448509	m̩kɔʔɣaːk	mosquito		HSH-SCL	1954	Nyhmoye	71
448510	ʔpí	fly	n	HSH-SCL	1954	Nyhmoye	72
448511	ɴa◦kɔːŋ	nose		HSH-SCL	1954	Nyhmoye	73
448512	mik.uⁱ	eye		HSH-SCL	1954	Nyhmoye	74
448513	ŋ̩ɴ̹a◦kʰɔːŋ	ear		HSH-SCL	1954	Nyhmoye	75
448514	lu̥◦kʰɔːŋ	head		HSH-SCL	1954	Nyhmoye	76
448515	m̩kʰa.kʰuⁱ	mouth		HSH-SCL	1954	Nyhmoye	77
448516	hʌ́	tooth		HSH-SCL	1954	Nyhmoye	78
448517	m̩leⁱ	tongue		HSH-SCL	1954	Nyhmoye	79
448518	lu.mu	hair		HSH-SCL	1954	Nyhmoye	80
448519	lɔ́k.o	neck		HSH-SCL	1954	Nyhmoye	81
448520	ʔpɣʰɛm̩suːŋ	shoulder		HSH-SCL	1954	Nyhmoye	82
448521	tituⁱ	chest		HSH-SCL	1954	Nyhmoye	83
448522	ɴú	back		HSH-SCL	1954	Nyhmoye	84
448523	m̩luŋ	heart		HSH-SCL	1954	Nyhmoye	85
448524	tšï	intestines		HSH-SCL	1954	Nyhmoye	87
448525	m̩lu.m̩tʰiːn	liver		HSH-SCL	1954	Nyhmoye	88
448526	kut	hand		HSH-SCL	1954	Nyhmoye	89
448527	kuʔm̩ɣa	palm		HSH-SCL	1954	Nyhmoye	90
448528	m̩tin	nail		HSH-SCL	1954	Nyhmoye	91
448529	kʰo	leg		HSH-SCL	1954	Nyhmoye	92
448530	kʰo	foot		HSH-SCL	1954	Nyhmoye	93
448531	m̩kʰuˀ◦lu	knee		HSH-SCL	1954	Nyhmoye	94
448532	pʰɛ	thigh		HSH-SCL	1954	Nyhmoye	95
448533	m̩tatpəm	calf		HSH-SCL	1954	Nyhmoye	96
448534	tʰi	blood		HSH-SCL	1954	Nyhmoye	97
448535	juˀ	bone		HSH-SCL	1954	Nyhmoye	98
448536	wun	skin		HSH-SCL	1954	Nyhmoye	99
448537	sʰʌ́	flesh		HSH-SCL	1954	Nyhmoye	100
448538	ḁ◦tʰáː	fat		HSH-SCL	1954	Nyhmoye	101
448539	xḯn	live		HSH-SCL	1954	Nyhmoye	102
448540	tʰik	die		HSH-SCL	1954	Nyhmoye	102
448541	m̩ɴat.ɛ	sick		HSH-SCL	1954	Nyhmoye	104
448542	ŋ̩xi.ɛ	breath		HSH-SCL	1954	Nyhmoye	105
448543	ŋ̩jaːk	hear		HSH-SCL	1954	Nyhmoye	106
448544	muʔ	see		HSH-SCL	1954	Nyhmoye	107
448545	sʰaːk	speak		HSH-SCL	1954	Nyhmoye	108
448546	jaːk	laugh		HSH-SCL	1954	Nyhmoye	109
448547	kɣaʔ	weep		HSH-SCL	1954	Nyhmoye	110
448548	m̩jɔn	suck		HSH-SCL	1954	Nyhmoye	111
448549	m̩sʰïːn	spit		HSH-SCL	1954	Nyhmoye	112
448550	mun	blow		HSH-SCL	1954	Nyhmoye	113
448551	suⁱʔ	bite		HSH-SCL	1954	Nyhmoye	114
448552	eⁱ	eat		HSH-SCL	1954	Nyhmoye	115
448553	ɔ́ːk	drink		HSH-SCL	1954	Nyhmoye	116
448554	m̩pɣïⁱ	drunk		HSH-SCL	1954	Nyhmoye	117
448555	m ̩lɔʔ	vomit		HSH-SCL	1954	Nyhmoye	118
448556	tʰuʔ	smell		HSH-SCL	1954	Nyhmoye	119
448557	ŋ̩ŋaː	think		HSH-SCL	1954	Nyhmoye	120
448558	maːk	know		HSH-SCL	1954	Nyhmoye	121
448559	təːp	count		HSH-SCL	1954	Nyhmoye	122
448560	tšiːʔ	fear		HSH-SCL	1954	Nyhmoye	123
448561	ɬï.ɛⁱ	want		HSH-SCL	1954	Nyhmoye	124
448562	iʔ	sleep		HSH-SCL	1954	Nyhmoye	125
448563	iʔveʔti	lie		HSH-SCL	1954	Nyhmoye	126
448564	ŋ̩ɗïːⁱʔ	stand		HSH-SCL	1954	Nyhmoye	127
448565	ŋ̩ɔʔ	sit		HSH-SCL	1954	Nyhmoye	128
448566	sɛʔ	walk		HSH-SCL	1954	Nyhmoye	129
448567	lɔk	come		HSH-SCL	1954	Nyhmoye	130
448568	luʔ	enter		HSH-SCL	1954	Nyhmoye	131
448569	sɛʔpja	return		HSH-SCL	1954	Nyhmoye	132
448570	ŋ̩lat	turn		HSH-SCL	1954	Nyhmoye	133
448571	ku.a	swim		HSH-SCL	1954	Nyhmoye	134
448572	ŋ̩pʰɔn	float		HSH-SCL	1954	Nyhmoye	135
448573	julɔ	flow		HSH-SCL	1954	Nyhmoye	136
448574	ɓuʔ	push		HSH-SCL	1954	Nyhmoye	137
448575	kaʔ	pull		HSH-SCL	1954	Nyhmoye	138
448576	kɔᶺk	throw		HSH-SCL	1954	Nyhmoye	139
448577	kɣʰaːk	fall		HSH-SCL	1954	Nyhmoye	140
448578	péːt	give		HSH-SCL	1954	Nyhmoye	141
448579	láːk	take		HSH-SCL	1954	Nyhmoye	142
448580	m̩tʰiʔ	wash		HSH-SCL	1954	Nyhmoye	143
448581	ɓoᵘ	split		HSH-SCL	1954	Nyhmoye	145
448582	tšʰiːk	tie		HSH-SCL	1954	Nyhmoye	146
448583	m̩tʰiʔ	wipe		HSH-SCL	1954	Nyhmoye	147
448584	ʔkɣïʔ	cut		HSH-SCL	1954	Nyhmoye	150
448585	soʔ	dig		HSH-SCL	1954	Nyhmoye	152
448586	tšʰəːt	scratch		HSH-SCL	1954	Nyhmoye	153
448587	ɓəːk	squeeze		HSH-SCL	1954	Nyhmoye	154
448588	ʔpa.mí	man		HSH-SCL	1954	Nyhmoye	155
448589	ŋ̩ɴimí	woman		HSH-SCL	1954	Nyhmoye	156
448590	ʔkɣʰaːŋ	person		HSH-SCL	1954	Nyhmoye	157
448591	pɔᶺ	father		HSH-SCL	1954	Nyhmoye	158
448592	nú	mother		HSH-SCL	1954	Nyhmoye	159
448593	taːn	child		HSH-SCL	1954	Nyhmoye	160
448594	ʔpɔᶺmi	husband		HSH-SCL	1954	Nyhmoye	161
448595	ʔkɣʰu	wife		HSH-SCL	1954	Nyhmoye	162
448596	ʔpʰəⁱŋva	(el.) bro.		HSH-SCL	1954	Nyhmoye	163
448597	ʔpaːŋvaː	(el.) sist.		HSH-SCL	1954	Nyhmoye	164
448598	ŋ̩miŋ	name		HSH-SCL	1954	Nyhmoye	166
448599	céⁱ	I		HSH-SCL	1954	Nyhmoye	167
448600	náŋ	you (sg)		HSH-SCL	1954	Nyhmoye	168
448601	aʔ◦niʔ	he		HSH-SCL	1954	Nyhmoye	169
448602	céⁱniʔé	we		HSH-SCL	1954	Nyhmoye	170
448603	aʔniʔniʔ	they		HSH-SCL	1954	Nyhmoye	172
448604	saːŋ.hoːm	paddy rice		HSH-SCL	1954	Nyhmoye	173
448605	ʔsaːŋ	pounded rice		HSH-SCL	1954	Nyhmoye	174
448606	ɓuʔ	cooked rice		HSH-SCL	1954	Nyhmoye	175
448607	pum.saː	corn		HSH-SCL	1954	Nyhmoye	176
448608	m̩si	salt		HSH-SCL	1954	Nyhmoye	177
448609	sim.saː	red pepper		HSH-SCL	1954	Nyhmoye	178
448610	sʰuːm.taːŋ	pestle		HSH-SCL	1954	Nyhmoye	180
448611	sʰuːm	mortar		HSH-SCL	1954	Nyhmoye	181
448612	a.sʰɔːn	cook	v	HSH-SCL	1954	Nyhmoye	182
448613	tʰíŋ	firewood		HSH-SCL	1954	Nyhmoye	183
448614	méⁱ	fire		HSH-SCL	1954	Nyhmoye	184
448615	uⁱʔ	burn		HSH-SCL	1954	Nyhmoye	185
448616	meⁱʔkʰu	ashes		HSH-SCL	1954	Nyhmoye	186
448617	kúːk	smoke		HSH-SCL	1954	Nyhmoye	187
448618	lám	road, path		HSH-SCL	1954	Nyhmoye	188
448619	ím	house		HSH-SCL	1954	Nyhmoye	189
448620	m̩tiʔ	roof		HSH-SCL	1954	Nyhmoye	190
448621	tšʰïⁱ	sew		HSH-SCL	1954	Nyhmoye	192
448622	sʰuⁱsʰa	clothing		HSH-SCL	1954	Nyhmoye	193
448623	ŋ̩ɓi	work	v	HSH-SCL	1954	Nyhmoye	195
448624	lak	play		HSH-SCL	1954	Nyhmoye	196
448625	ŋ̩.əⁱ	sing		HSH-SCL	1954	Nyhmoye	197
448626	ŋ̩◦lam	dance		HSH-SCL	1954	Nyhmoye	198
448627	ŋ̩sʰeⁱ	drum		HSH-SCL	1954	Nyhmoye	199
448628	mɔːŋ	gong		HSH-SCL	1954	Nyhmoye	200
448629	ʔkɣʰəⁱ	buy		HSH-SCL	1954	Nyhmoye	201
448630	liː	crossbow		HSH-SCL	1954	Nyhmoye	202
448631	m̩lʌ	arrow		HSH-SCL	1954	Nyhmoye	203
448632	ʔseːⁱ	spear		HSH-SCL	1954	Nyhmoye	204
448633	kɔʔ	shoot		HSH-SCL	1954	Nyhmoye	205
448634	sʰaʔdəm	hunt		HSH-SCL	1954	Nyhmoye	206
448635	ɴiːm	kill		HSH-SCL	1954	Nyhmoye	207
448636	ŋ̩tɔk	fight		HSH-SCL	1954	Nyhmoye	208
448637	mat	one		HSH-SCL	1954	Nyhmoye	209
448638	ŋ̩ɴ̹iʔ	two		HSH-SCL	1954	Nyhmoye	210
448639	ʔtʰuːm	three		HSH-SCL	1954	Nyhmoye	211
448640	ʔpʰi	four		HSH-SCL	1954	Nyhmoye	212
448641	m̩Mʌ	five		HSH-SCL	1954	Nyhmoye	213
448642	tšʰoᵘ	six		HSH-SCL	1954	Nyhmoye	214
448643	kɣʰï	seven		HSH-SCL	1954	Nyhmoye	215
448644	kɣʰə	eight		HSH-SCL	1954	Nyhmoye	216
448645	ko	nine		HSH-SCL	1954	Nyhmoye	217
448646	xʌ	ten		HSH-SCL	1954	Nyhmoye	218
448647	m̩ku	twenty		HSH-SCL	1954	Nyhmoye	219
448648	ḁpɣʰa	hundred		HSH-SCL	1954	Nyhmoye	220
448649	ḁɓaŋa	all		HSH-SCL	1954	Nyhmoye	221
448650	aŋ.umpipi	many		HSH-SCL	1954	Nyhmoye	222
448651	ḁvaːŋ	some		HSH-SCL	1954	Nyhmoye	223
448652	ḁləksá	few		HSH-SCL	1954	Nyhmoye	224
448653	ɗəːm	big		HSH-SCL	1954	Nyhmoye	225
448654	tat	small		HSH-SCL	1954	Nyhmoye	226
448655	sʰaːk	long		HSH-SCL	1954	Nyhmoye	227
448656	ɬiːŋ	tall		HSH-SCL	1954	Nyhmoye	228
448657	tɔᶺ	short		HSH-SCL	1954	Nyhmoye	229
448658	pu◦lum	round		HSH-SCL	1954	Nyhmoye	230
448659	ɴip	smooth		HSH-SCL	1954	Nyhmoye	231
448660	sʰᶺ	thick		HSH-SCL	1954	Nyhmoye	232
448661	pim	thin		HSH-SCL	1954	Nyhmoye	233
448662	ŋ̩kaʔ	wide		HSH-SCL	1954	Nyhmoye	234
448663	ŋ̩sɛt	narrow		HSH-SCL	1954	Nyhmoye	235
448664	lɛᶺ	black		HSH-SCL	1954	Nyhmoye	236
448665	sʰɛn	red		HSH-SCL	1954	Nyhmoye	237
448666	ɓɔ́ːk	white		HSH-SCL	1954	Nyhmoye	238
448667	aŋtšiŋ	green		HSH-SCL	1954	Nyhmoye	239
448668	ŋ̩.aː	yellow		HSH-SCL	1954	Nyhmoye	240
448669	ʔkɣʰɔk	dry		HSH-SCL	1954	Nyhmoye	241
448670	sɔᶺ	wet		HSH-SCL	1954	Nyhmoye	242
448671	tʰu	rotten		HSH-SCL	1954	Nyhmoye	243
448672	ŋ ̩pʰit	swell		HSH-SCL	1954	Nyhmoye	244
448673	ɓɛᶺ	full		HSH-SCL	1954	Nyhmoye	245
448674	m̩tuⁱ.eⁱ	dirty		HSH-SCL	1954	Nyhmoye	246
448675	xaːt	sharp		HSH-SCL	1954	Nyhmoye	247
448676	ḁʔ◦tʰa	new		HSH-SCL	1954	Nyhmoye	249
448677	hɔk	hot		HSH-SCL	1954	Nyhmoye	250
448678	ɣa	cold		HSH-SCL	1954	Nyhmoye	251
448679	ʔɣïʔ	heavy		HSH-SCL	1954	Nyhmoye	252
448680	ŋ̩pɣïn	straight		HSH-SCL	1954	Nyhmoye	253
448681	ŋ̩di	right		HSH-SCL	1954	Nyhmoye	254
448682	pa	good		HSH-SCL	1954	Nyhmoye	255
448683	pɣʰak	bad		HSH-SCL	1954	Nyhmoye	256
448684	əʔ	old-aged		HSH-SCL	1954	Nyhmoye	257
448685	ɬa	far		HSH-SCL	1954	Nyhmoye	258
448686	ḁʔsəsa	near		HSH-SCL	1954	Nyhmoye	259
448687	pat.lám	rightside		HSH-SCL	1954	Nyhmoye	260
448688	tsɔŋ.lám	leftside		HSH-SCL	1954	Nyhmoye	261
448689	təŋ.təŋ	same		HSH-SCL	1954	Nyhmoye	262
448690	ɴ̹a.ɴ̹a	different		HSH-SCL	1954	Nyhmoye	263
448691	hinɔŋ	here		HSH-SCL	1954	Nyhmoye	264
448692	tsanɔŋ	there		HSH-SCL	1954	Nyhmoye	265
448693	ḁhiːn	this		HSH-SCL	1954	Nyhmoye	266
448694	ḁsiᵋn	that		HSH-SCL	1954	Nyhmoye	267
448695	itïʔ.ïŋ	when?		HSH-SCL	1954	Nyhmoye	268
448696	hɔn.ïŋ.ma	where?		HSH-SCL	1954	Nyhmoye	269
448697	uʔ.ïŋ.ma	who?		HSH-SCL	1954	Nyhmoye	270
448698	píʔ.ïŋ.ma	what?		HSH-SCL	1954	Nyhmoye	271
448699	nʌʔ	and		HSH-SCL	1954	Nyhmoye	272
448700	maʔmaʔ	with		HSH-SCL	1954	Nyhmoye	273
448701	tïka	at		HSH-SCL	1954	Nyhmoye	274
448702	ihoʔɓa.tšaʔtia.mə	because		HSH-SCL	1954	Nyhmoye	275
448703	ihɔʔɓa.əŋ.mə	how		HSH-SCL	1954	Nyhmoye	276
448704	ïŋ.ta	if		HSH-SCL	1954	Nyhmoye	277
448705	ɔːïŋ	in		HSH-SCL	1954	Nyhmoye	278
448706	am	not		HSH-SCL	1954	Nyhmoye	279
448707	am.ni.ni	(not)yet		HSH-SCL	1954	Nyhmoye	280
448708	ʔkʰaːn◦kʰo	sky		HSH-SCL	1955	Ngmüün	1
448709	ŋmeⁱ	cloud		HSH-SCL	1955	Ngmüün	2
448710	kʰomik	sun		HSH-SCL	1955	Ngmüün	3
448711	tšʰa	moon		HSH-SCL	1955	Ngmüün	4
448712	aⁱ◦šʰɨ	star		HSH-SCL	1955	Ngmüün	5
448713	kʰotšʰi	wind		HSH-SCL	1955	Ngmüün	6
448714	kʰoʔa	rain		HSH-SCL	1955	Ngmüün	7
448715	ja.pi	rainbow		HSH-SCL	1955	Ngmüün	8
448716	kʰo.ŋmeⁱ	mist		HSH-SCL	1955	Ngmüün	9
448717	kʰomï	night		HSH-SCL	1955	Ngmüün	10
448718	kʰo.mɴïːp	day		HSH-SCL	1955	Ngmüün	11
448719	kʰo◦kum	year		HSH-SCL	1955	Ngmüün	12
448720	ɣɨⁱ	hail		HSH-SCL	1955	Ngmüün	13
448721	tu ́ⁱ|	water		HSH-SCL	1955	Ngmüün	16
448722	tu ́ⁱnú	river		HSH-SCL	1955	Ngmüün	17
448723	túⁱli	lake		HSH-SCL	1955	Ngmüün	18
448724	mlik.tuⁱ	sea		HSH-SCL	1955	Ngmüün	19
448725	kʰomɗek	earth		HSH-SCL	1955	Ngmüün	20
448726	lúŋ	stone		HSH-SCL	1955	Ngmüün	21
448727	salaⁱ	sand		HSH-SCL	1955	Ngmüün	22
448728	ŋïn	mud		HSH-SCL	1955	Ngmüün	23
448729	mvut	dust		HSH-SCL	1955	Ngmüün	24
448730	xïⁱ	gold		HSH-SCL	1955	Ngmüün	25
448731	ŋuⁱ	silver		HSH-SCL	1955	Ngmüün	26
448732	kʰomsuːŋ	mountain		HSH-SCL	1955	Ngmüün	27
448733	sʰɨŋ.s̆in	tree		HSH-SCL	1955	Ngmüün	28
448734	kʰo◦ɓuŋ	forest		HSH-SCL	1955	Ngmüün	29
448735	sʰɨŋɴak	leaf		HSH-SCL	1955	Ngmüün	30
448736	sʰɨŋhok	bark		HSH-SCL	1955	Ngmüün	31
448737	paⁱ	flower		HSH-SCL	1955	Ngmüün	32
448738	sʰɨŋ.juːŋ	root		HSH-SCL	1955	Ngmüün	33
448739	ˀsʰiˀ	fruit		HSH-SCL	1955	Ngmüün	34
448740	uⁱ	seed		HSH-SCL	1955	Ngmüün	35
448741	msʰaⁱ	grass		HSH-SCL	1955	Ngmüün	36
448742	sʰɨŋ◦tɔn	branch		HSH-SCL	1955	Ngmüün	37
448743	pans̆i	banana		HSH-SCL	1955	Ngmüün	38
448744	ʔkʰá	bird		HSH-SCL	1955	Ngmüün	43
448745	ʔkʰa◦mu ́	feather		HSH-SCL	1955	Ngmüün	45
448746	joŋ	fly		HSH-SCL	1955	Ngmüün	46
448747	am◦tuⁱʔ	egg		HSH-SCL	1955	Ngmüün	47
448748	ŋloⁱ	tail		HSH-SCL	1955	Ngmüün	48
448749	msɨn	claw		HSH-SCL	1955	Ngmüün	49
448750	ʔk̯i	horn		HSH-SCL	1955	Ngmüün	50
448751	úⁱ	dog		HSH-SCL	1955	Ngmüün	52
448752	wɔk	pig		HSH-SCL	1955	Ngmüün	53
448753	aːⁱ◦sá	chicken		HSH-SCL	1955	Ngmüün	54
448754	ŋá	fish		HSH-SCL	1955	Ngmüün	56
448755	pɣʰu	snake		HSH-SCL	1955	Ngmüün	57
448756	puⁱ	rat		HSH-SCL	1955	Ngmüün	58
448757	wi	rabbit		HSH-SCL	1955	Ngmüün	59
448758	jɔːŋ	monkey		HSH-SCL	1955	Ngmüün	60
448759	sʰaʔk̯ʰi	deer		HSH-SCL	1955	Ngmüün	61
448760	kɔːŋ	tiger		HSH-SCL	1955	Ngmüün	62
448761	m̩◦ná	buffalo		HSH-SCL	1955	Ngmüün	63
448762	sʰe	cow		HSH-SCL	1955	Ngmüün	64
448763	m̩vuⁱ	elephant		HSH-SCL	1955	Ngmüün	65
448764	m̩vuⁱha	elephant tusk		HSH-SCL	1955	Ngmüün	66
448765	tšakɔ	worm		HSH-SCL	1955	Ngmüün	67
448766	m̩pɣʰumsɨ	scorpion		HSH-SCL	1955	Ngmüün	68
448767	ɓaŋkala	spider		HSH-SCL	1955	Ngmüün	69
448768	šɹïk	louse		HSH-SCL	1955	Ngmüün	70
448769	m̩kumɣaːŋ	mosquito		HSH-SCL	1955	Ngmüün	71
448770	ʔpi	fly	n	HSH-SCL	1955	Ngmüün	72
448771	ɴa	nose		HSH-SCL	1955	Ngmüün	73
448772	mik	eye		HSH-SCL	1955	Ngmüün	74
448773	ŋ̩ɴ̹a	ear		HSH-SCL	1955	Ngmüün	75
448774	lu	head		HSH-SCL	1955	Ngmüün	76
448775	šaːⁱ	mouth		HSH-SCL	1955	Ngmüün	77
448776	ha	tooth		HSH-SCL	1955	Ngmüün	78
448777	m̩leⁱ	tongue		HSH-SCL	1955	Ngmüün	79
448778	lu̥◦mu	hair		HSH-SCL	1955	Ngmüün	80
448779	ŋ̩ɴ̹ïɣɔn	neck		HSH-SCL	1955	Ngmüün	81
448780	pʰlin	shoulder		HSH-SCL	1955	Ngmüün	82
448781	šʰuːk	chest		HSH-SCL	1955	Ngmüün	83
448782	paŋ	back		HSH-SCL	1955	Ngmüün	84
448783	m̩lúŋ	heart		HSH-SCL	1955	Ngmüün	85
448784	kɹʰï	intestines		HSH-SCL	1955	Ngmüün	87
448785	m̩šʰɨn	liver		HSH-SCL	1955	Ngmüün	88
448786	kut	hand		HSH-SCL	1955	Ngmüün	89
448787	m̩ja	palm		HSH-SCL	1955	Ngmüün	90
448788	m̩sɨn	nail		HSH-SCL	1955	Ngmüün	91
448789	kʰo	leg		HSH-SCL	1955	Ngmüün	92
448790	kʰo	foot		HSH-SCL	1955	Ngmüün	93
448791	m̩kʰúːk.lu	knee		HSH-SCL	1955	Ngmüün	94
448792	pʰiktuⁱ	thigh		HSH-SCL	1955	Ngmüün	95
448793	m̩tan	calf		HSH-SCL	1955	Ngmüün	96
448794	šʰɨ	blood		HSH-SCL	1955	Ngmüün	97
448795	ɣuʔ	bone		HSH-SCL	1955	Ngmüün	98
448796	vïn	skin		HSH-SCL	1955	Ngmüün	99
448797	sʰa	flesh		HSH-SCL	1955	Ngmüün	100
448798	ḁ◦tʰaː	fat		HSH-SCL	1955	Ngmüün	101
448799	ašïn	live		HSH-SCL	1955	Ngmüün	102
448800	sʰɨ	die		HSH-SCL	1955	Ngmüün	102
448801	ɣɔ	sick		HSH-SCL	1955	Ngmüün	104
448802	ŋ̩šï	breath		HSH-SCL	1955	Ngmüün	105
448803	ŋ̩jaːk	hear		HSH-SCL	1955	Ngmüün	106
448804	muk	see		HSH-SCL	1955	Ngmüün	107
448805	pɹen	speak		HSH-SCL	1955	Ngmüün	108
448806	ɣaiʔ	laugh		HSH-SCL	1955	Ngmüün	109
448807	kɹaʔ	weep		HSH-SCL	1955	Ngmüün	110
448808	m̩jɔn	suck		HSH-SCL	1955	Ngmüün	111
448809	m̩šʰi	spit		HSH-SCL	1955	Ngmüün	112
448810	muːt	blow		HSH-SCL	1955	Ngmüün	113
448811	suⁱʔ	bite		HSH-SCL	1955	Ngmüün	114
448812	eⁱ	eat		HSH-SCL	1955	Ngmüün	115
448813	ɔ́ːk	drink		HSH-SCL	1955	Ngmüün	116
448814	ɔːn	drunk		HSH-SCL	1955	Ngmüün	117
448815	m̩šʰa	vomit		HSH-SCL	1955	Ngmüün	118
448816	tʰu	smell		HSH-SCL	1955	Ngmüün	119
448817	ŋ̩ŋaːⁱ	think		HSH-SCL	1955	Ngmüün	120
448818	šʰɨm	know		HSH-SCL	1955	Ngmüün	121
448819	kʰe	count		HSH-SCL	1955	Ngmüün	122
448820	kɹïʔ	fear		HSH-SCL	1955	Ngmüün	123
448821	ŋ̩ja.ɬï	want		HSH-SCL	1955	Ngmüün	124
448822	iʔ	sleep		HSH-SCL	1955	Ngmüün	125
448823	ŋ̩jïn	lie		HSH-SCL	1955	Ngmüün	126
448824	ŋ̩ɗïːⁱ	stand		HSH-SCL	1955	Ngmüün	127
448825	ŋ̩oʔ	sit		HSH-SCL	1955	Ngmüün	128
448826	sɛʔ	walk		HSH-SCL	1955	Ngmüün	129
448827	lɔ	come		HSH-SCL	1955	Ngmüün	130
448828	luʔ	enter		HSH-SCL	1955	Ngmüün	131
448829	sɛʔɓa	return		HSH-SCL	1955	Ngmüün	132
448830	ŋ̩ɬa	turn		HSH-SCL	1955	Ngmüün	133
448831	tuⁱkat	swim		HSH-SCL	1955	Ngmüün	134
448832	ŋ̩jəᵘk	float		HSH-SCL	1955	Ngmüün	135
448833	tuⁱ◦loːŋ	flow		HSH-SCL	1955	Ngmüün	136
448834	ɓuʔ	push		HSH-SCL	1955	Ngmüün	137
448835	kaⁱʔ	pull		HSH-SCL	1955	Ngmüün	138
448836	xɔ	throw		HSH-SCL	1955	Ngmüün	139
448837	tšʰaʔ	fall		HSH-SCL	1955	Ngmüün	140
448838	péːt	give		HSH-SCL	1955	Ngmüün	141
448839	laʔ	take		HSH-SCL	1955	Ngmüün	142
448840	m̩sʰɨ	wash		HSH-SCL	1955	Ngmüün	143
448841	ɓɔᵘk	split		HSH-SCL	1955	Ngmüün	145
448842	k̯i	tie		HSH-SCL	1955	Ngmüün	146
448843	šu	wipe		HSH-SCL	1955	Ngmüün	147
448844	ʔtšu	hit		HSH-SCL	1955	Ngmüün	149
448845	m̩tšïn	cut		HSH-SCL	1955	Ngmüün	150
448846	m̩jɔʔ	dig		HSH-SCL	1955	Ngmüün	152
448847	tšʰuːk	scratch		HSH-SCL	1955	Ngmüün	153
448848	sʰɛːt	squeeze		HSH-SCL	1955	Ngmüün	154
448849	ʔpa.mí	man		HSH-SCL	1955	Ngmüün	155
448850	ŋ̩Mumí	woman		HSH-SCL	1955	Ngmüün	156
448851	tšʰaːŋ	person		HSH-SCL	1955	Ngmüün	157
448852	pa	father		HSH-SCL	1955	Ngmüün	158
448853	nú	mother		HSH-SCL	1955	Ngmüün	159
448854	ŋ̩ɱɔ	child		HSH-SCL	1955	Ngmüün	160
448855	tšʰeⁱ	husband		HSH-SCL	1955	Ngmüün	161
448856	tšʰu	wife		HSH-SCL	1955	Ngmüün	162
448857	pʰəⁱ	(el.) bro.		HSH-SCL	1955	Ngmüün	163
448858	paⁱ	(el.) sist.		HSH-SCL	1955	Ngmüün	164
448859	na.na	yngr.sibl.		HSH-SCL	1955	Ngmüün	165
448860	ŋ̩miŋ	name		HSH-SCL	1955	Ngmüün	166
448861	k̯éi	I		HSH-SCL	1955	Ngmüün	167
448862	náŋ	you (sg)		HSH-SCL	1955	Ngmüün	168
448863	aʔ◦niʔ	he		HSH-SCL	1955	Ngmüün	169
448864	miʔmi	we		HSH-SCL	1955	Ngmüün	170
448865	náŋ.mi	you (pl)		HSH-SCL	1955	Ngmüün	171
448866	aʔniʔmi	they		HSH-SCL	1955	Ngmüün	172
448867	samɹuʔ	paddy rice		HSH-SCL	1955	Ngmüün	173
448868	ʔsaːŋ	pounded rice		HSH-SCL	1955	Ngmüün	174
448869	ɓuʔ	cooked rice		HSH-SCL	1955	Ngmüün	175
448870	m̩pʌum	corn		HSH-SCL	1955	Ngmüün	176
448871	m̩si	salt		HSH-SCL	1955	Ngmüün	177
448872	sʰam.pʰɔ	red pepper		HSH-SCL	1955	Ngmüün	178
448873	sʰuʔtəŋ	pestle		HSH-SCL	1955	Ngmüün	180
448874	ʔsʰúm	mortar		HSH-SCL	1955	Ngmüün	181
448875	ei.šʰon	cook	v	HSH-SCL	1955	Ngmüün	182
448876	ʔsʰɨŋ	firewood		HSH-SCL	1955	Ngmüün	183
448877	méⁱ	fire		HSH-SCL	1955	Ngmüün	184
448878	uⁱʔ	burn		HSH-SCL	1955	Ngmüün	185
448879	meⁱʔkʰu	ashes		HSH-SCL	1955	Ngmüün	186
448880	m̩kúːk	smoke		HSH-SCL	1955	Ngmüün	187
448881	lám	road, path		HSH-SCL	1955	Ngmüün	188
448882	ím	house		HSH-SCL	1955	Ngmüün	189
448883	m̩tšoᵘ	roof		HSH-SCL	1955	Ngmüün	190
448884	ʔkɹʰiːⁱ	sew		HSH-SCL	1955	Ngmüün	192
448885	ʔkɹʰïⁱsʰak	clothing		HSH-SCL	1955	Ngmüün	193
448886	tšuʔkɹʰï	loincloth		HSH-SCL	1955	Ngmüün	194
448887	ɓi	work	v	HSH-SCL	1955	Ngmüün	195
448888	ɣï	play		HSH-SCL	1955	Ngmüün	196
448889	ŋ̩.əⁱ	sing		HSH-SCL	1955	Ngmüün	197
448890	ŋ̩◦laːm	dance		HSH-SCL	1955	Ngmüün	198
448891	tšəŋ	drum		HSH-SCL	1955	Ngmüün	199
448892	ŋ̩šʰeⁱ	gong		HSH-SCL	1955	Ngmüün	200
448893	kɹʰəⁱʔ	buy		HSH-SCL	1955	Ngmüün	201
448894	ŋ̩li	crossbow		HSH-SCL	1955	Ngmüün	202
448895	m̩la	arrow		HSH-SCL	1955	Ngmüün	203
448896	ʔsïⁱ	spear		HSH-SCL	1955	Ngmüün	204
448897	kaʔ	shoot		HSH-SCL	1955	Ngmüün	205
448898	tšʰa.ŋ̩huːt	hunt		HSH-SCL	1955	Ngmüün	206
448899	ŋ̩ŋɔn	kill		HSH-SCL	1955	Ngmüün	207
448900	ŋ̩tuk	fight		HSH-SCL	1955	Ngmüün	208
448901	tumat	one		HSH-SCL	1955	Ngmüün	209
448902	ŋ̩ɴ̹iʔ	two		HSH-SCL	1955	Ngmüün	210
448903	ʔtʰum	three		HSH-SCL	1955	Ngmüün	211
448904	ʔplʰi	four		HSH-SCL	1955	Ngmüün	212
448905	m̩Ma	five		HSH-SCL	1955	Ngmüün	213
448906	ʔkɹʰuk	six		HSH-SCL	1955	Ngmüün	214
448907	ʔkɹʰïʔ	seven		HSH-SCL	1955	Ngmüün	215
448908	ʔkɹʰeːt	eight		HSH-SCL	1955	Ngmüün	216
448909	ko	nine		HSH-SCL	1955	Ngmüün	217
448910	ša	ten		HSH-SCL	1955	Ngmüün	218
448911	m̩ku	twenty		HSH-SCL	1955	Ngmüün	219
448912	pɣʰaː	hundred		HSH-SCL	1955	Ngmüün	220
448913	ḁvan	all		HSH-SCL	1955	Ngmüün	221
448914	ḁɗəm	many		HSH-SCL	1955	Ngmüün	222
448915	amšʰaʔ	some		HSH-SCL	1955	Ngmüün	223
448916	ḁpi	few		HSH-SCL	1955	Ngmüün	224
448917	ḁʔɗəm	big		HSH-SCL	1955	Ngmüün	225
448918	ḁʔləːm	small		HSH-SCL	1955	Ngmüün	226
448919	aŋšʰəːⁱ	long		HSH-SCL	1955	Ngmüün	227
448920	ḁʔɬïŋ	tall		HSH-SCL	1955	Ngmüün	228
448921	ḁʔ◦tɔːⁱ	short		HSH-SCL	1955	Ngmüün	229
448922	ḁ◦ku◦lum	round		HSH-SCL	1955	Ngmüün	230
448923	ɴip	smooth		HSH-SCL	1955	Ngmüün	231
448924	ḁʔ◦šʰaʔ	thick		HSH-SCL	1955	Ngmüün	232
448925	pim	thin		HSH-SCL	1955	Ngmüün	233
448926	ŋ̩šɔŋ	wide		HSH-SCL	1955	Ngmüün	234
448927	ŋ̩siːk	narrow		HSH-SCL	1955	Ngmüün	235
448928	lɛ	black		HSH-SCL	1955	Ngmüün	236
448929	sʰɛn	red		HSH-SCL	1955	Ngmüün	237
448930	ɓɔ́ːk	white		HSH-SCL	1955	Ngmüün	238
448931	aŋkɹïn	green		HSH-SCL	1955	Ngmüün	239
448932	ḁʔaⁱ	yellow		HSH-SCL	1955	Ngmüün	240
448933	ḁʔkɹʰɔːŋ	dry		HSH-SCL	1955	Ngmüün	241
448934	ŋ̩šuⁱ	wet		HSH-SCL	1955	Ngmüün	242
448935	tʰuk	rotten		HSH-SCL	1955	Ngmüün	243
448936	ŋ ̩plʰiŋ	swell		HSH-SCL	1955	Ngmüün	244
448937	ʔɓɛ	full		HSH-SCL	1955	Ngmüün	245
448938	lɛ.lɔⁱ	dirty		HSH-SCL	1955	Ngmüün	246
448939	šaːt	sharp		HSH-SCL	1955	Ngmüün	247
448940	ḁʔ◦tʰaːⁱ	new		HSH-SCL	1955	Ngmüün	249
448941	ḁʔoʔ	hot		HSH-SCL	1955	Ngmüün	250
448942	m̩juk	cold		HSH-SCL	1955	Ngmüün	251
448943	ʔɣïʔ	heavy		HSH-SCL	1955	Ngmüün	252
448944	jəⁱʔ	straight		HSH-SCL	1955	Ngmüün	253
448945	ḁʔtšuːn	right		HSH-SCL	1955	Ngmüün	254
448946	ḁʔni	good		HSH-SCL	1955	Ngmüün	255
448947	ḁʔkaʔ	bad		HSH-SCL	1955	Ngmüün	256
448948	šɹɨ	old-aged		HSH-SCL	1955	Ngmüün	257
448949	šʰo	far		HSH-SCL	1955	Ngmüün	258
448950	jək	near		HSH-SCL	1955	Ngmüün	259
448951	ŋ̩hɔi.lám	rightside		HSH-SCL	1955	Ngmüün	260
448952	eŋ.lám	leftside		HSH-SCL	1955	Ngmüün	261
448953	təŋ.təŋ	same		HSH-SCL	1955	Ngmüün	262
448954	ɴ̹a.ɴ̹a	different		HSH-SCL	1955	Ngmüün	263
448955	šia	here		HSH-SCL	1955	Ngmüün	264
448956	tšeⁱa	there		HSH-SCL	1955	Ngmüün	265
448957	šʰin	this		HSH-SCL	1955	Ngmüün	266
448958	tšin	that		HSH-SCL	1955	Ngmüün	267
448959	í.ïŋ	when?		HSH-SCL	1955	Ngmüün	268
448960	hɔⁱ.jaŋ	where?		HSH-SCL	1955	Ngmüün	269
448961	u.jaŋ	who?		HSH-SCL	1955	Ngmüün	270
448962	i.jaŋ	what?		HSH-SCL	1955	Ngmüün	271
448963	laʔ	and		HSH-SCL	1955	Ngmüün	272
448964	jɔn	with		HSH-SCL	1955	Ngmüün	273
448965	ïŋ	at		HSH-SCL	1955	Ngmüün	274
448966	i.a.tša.sə	because		HSH-SCL	1955	Ngmüün	275
448967	ihɔʔtša	how		HSH-SCL	1955	Ngmüün	276
448968	ḁtšaʔ.lï.jïŋ	if		HSH-SCL	1955	Ngmüün	277
448969	ḁʔkɹʰuːŋ	in		HSH-SCL	1955	Ngmüün	278
448970	kəʔ	not		HSH-SCL	1955	Ngmüün	279
448971	kəʔtšapʰa.sə	(not)yet		HSH-SCL	1955	Ngmüün	280
448972	pəəŋ	already		HSH-SCL	1955	Ngmüün	281
448973	faːn◦kʰɔ	sky		HSH-SCL	1956	Mkaang	1
448974	meⁱ	cloud		HSH-SCL	1956	Mkaang	2
448975	kʰɔmiːk	sun		HSH-SCL	1956	Mkaang	3
448976	kɣʰa	moon		HSH-SCL	1956	Mkaang	4
448977	aːⁱ◦sʰi	star		HSH-SCL	1956	Mkaang	5
448978	kʰɔk̯ʔa	wind		HSH-SCL	1956	Mkaang	6
448979	kʰɔʔa	rain		HSH-SCL	1956	Mkaang	7
448980	li.pi	rainbow		HSH-SCL	1956	Mkaang	8
448981	kʰɔ.meⁱ	mist		HSH-SCL	1956	Mkaang	9
448982	kʰɔ.tʰan	night		HSH-SCL	1956	Mkaang	10
448983	ɴïːp	day		HSH-SCL	1956	Mkaang	11
448984	kʰɔ◦kum	year		HSH-SCL	1956	Mkaang	12
448985	ɣaⁱɣɔˀ	hail		HSH-SCL	1956	Mkaang	13
448986	ɓɔk.kɜm	snow		HSH-SCL	1956	Mkaang	14
448987	tu ́ⁱ|	water		HSH-SCL	1956	Mkaang	16
448988	tu ́ⁱ|◦lɔŋ.nú	river		HSH-SCL	1956	Mkaang	17
448989	túⁱli	lake		HSH-SCL	1956	Mkaang	18
448990	lik.tuⁱ	sea		HSH-SCL	1956	Mkaang	19
448991	kʰɔ.ɗɛːk	earth		HSH-SCL	1956	Mkaang	20
448992	lúŋ	stone		HSH-SCL	1956	Mkaang	21
448993	ɗi.xuⁱˀ	sand		HSH-SCL	1956	Mkaang	22
448994	lɔk	mud		HSH-SCL	1956	Mkaang	23
448995	vït	dust		HSH-SCL	1956	Mkaang	24
448996	s̆ïⁱ	gold		HSH-SCL	1956	Mkaang	25
448997	ŋuⁱ	silver		HSH-SCL	1956	Mkaang	26
448998	kʰɔ.tsuːŋ	mountain		HSH-SCL	1956	Mkaang	27
448999	ts̆ʰiŋ.xɨŋ	tree		HSH-SCL	1956	Mkaang	28
449000	kʰɔ◦tɔːŋ	forest		HSH-SCL	1956	Mkaang	29
449001	a̯taːn	leaf		HSH-SCL	1956	Mkaang	30
449002	ts̆ʰiŋhɔk	bark		HSH-SCL	1956	Mkaang	31
449003	ɣïⁱ◦paːⁱ	flower		HSH-SCL	1956	Mkaang	32
449004	lɛk.pɣʰá	root		HSH-SCL	1956	Mkaang	33
449005	tʰeⁱk	fruit		HSH-SCL	1956	Mkaang	34
449006	uⁱ	seed		HSH-SCL	1956	Mkaang	35
449007	ta	grass		HSH-SCL	1956	Mkaang	36
449008	ts̆ʰiŋ	branch		HSH-SCL	1956	Mkaang	37
449009	tʰɔn	branch		HSH-SCL	1956	Mkaang	37
449010	pants̆i	banana		HSH-SCL	1956	Mkaang	38
449011	ɣa	bird		HSH-SCL	1956	Mkaang	43
449012	pɣʰa	wing		HSH-SCL	1956	Mkaang	44
449013	mïⁱ	feather		HSH-SCL	1956	Mkaang	45
449014	jɔːŋ	fly		HSH-SCL	1956	Mkaang	46
449015	aːⁱ◦tuⁱ	egg		HSH-SCL	1956	Mkaang	47
449016	meːⁱ	tail		HSH-SCL	1956	Mkaang	48
449017	tšin	claw		HSH-SCL	1956	Mkaang	49
449018	k̯i	horn		HSH-SCL	1956	Mkaang	50
449019	xïⁱʔsʰeⁱ	animal		HSH-SCL	1956	Mkaang	51
449020	úⁱ	dog		HSH-SCL	1956	Mkaang	52
449021	vɔk	pig		HSH-SCL	1956	Mkaang	53
449022	aːⁱ◦sʰá	chicken		HSH-SCL	1956	Mkaang	54
449023	ŋá	fish		HSH-SCL	1956	Mkaang	56
449024	ɣuⁱ	snake		HSH-SCL	1956	Mkaang	57
449025	sʰaʔk̯ʰi	deer		HSH-SCL	1956	Mkaang	61
449026	sʰa◦tɛᶺ	tiger		HSH-SCL	1956	Mkaang	62
449027	m̩◦ná	buffalo		HSH-SCL	1956	Mkaang	63
449028	sʰɛ	cow		HSH-SCL	1956	Mkaang	64
449029	vuⁱ	elephant		HSH-SCL	1956	Mkaang	65
449030	vuⁱfa	elephant tusk		HSH-SCL	1956	Mkaang	66
449031	taŋkonlai	worm		HSH-SCL	1956	Mkaang	67
449032	ɣïⁱtši	scorpion		HSH-SCL	1956	Mkaang	68
449033	vom◦vaʔ	spider		HSH-SCL	1956	Mkaang	69
449034	xïk	louse		HSH-SCL	1956	Mkaang	70
449035	pí	fly	n	HSH-SCL	1956	Mkaang	72
449036	ɴa.uːm	nose		HSH-SCL	1956	Mkaang	73
449037	mik	eye		HSH-SCL	1956	Mkaang	74
449038	ɴ̹a.kɔːi	ear		HSH-SCL	1956	Mkaang	75
449039	lu̥◦pum	head		HSH-SCL	1956	Mkaang	76
449040	ɣɔ́ŋ	mouth		HSH-SCL	1956	Mkaang	77
449041	fá	tooth		HSH-SCL	1956	Mkaang	78
449042	leⁱ	tongue		HSH-SCL	1956	Mkaang	79
449043	lu̥◦šám	hair		HSH-SCL	1956	Mkaang	80
449044	ší	neck		HSH-SCL	1956	Mkaang	81
449045	lɛːŋtsuːŋ	shoulder		HSH-SCL	1956	Mkaang	82
449046	šuːk	chest		HSH-SCL	1956	Mkaang	83
449047	ɴú	back		HSH-SCL	1956	Mkaang	84
449048	luŋ	heart		HSH-SCL	1956	Mkaang	85
449049	xɨ	intestines		HSH-SCL	1956	Mkaang	87
449050	kut	hand		HSH-SCL	1956	Mkaang	89
449051	kutpʰa	palm		HSH-SCL	1956	Mkaang	90
449052	tin	nail		HSH-SCL	1956	Mkaang	91
449053	kʰɔ	leg		HSH-SCL	1956	Mkaang	92
449054	kʰɔ	foot		HSH-SCL	1956	Mkaang	93
449055	kʰuk.lu	knee		HSH-SCL	1956	Mkaang	94
449056	tanpəm	calf		HSH-SCL	1956	Mkaang	96
449057	šʰi	blood		HSH-SCL	1956	Mkaang	97
449058	ɣuʔ	bone		HSH-SCL	1956	Mkaang	98
449059	vïn	skin		HSH-SCL	1956	Mkaang	99
449060	sʰa	flesh		HSH-SCL	1956	Mkaang	100
449061	ḁ◦tʰaːᵘ	fat		HSH-SCL	1956	Mkaang	101
449062	šuːŋ	live		HSH-SCL	1956	Mkaang	102
449063	šʰik	die		HSH-SCL	1956	Mkaang	102
449064	ɴat.aⁱ	sick		HSH-SCL	1956	Mkaang	104
449065	jaːk	hear		HSH-SCL	1956	Mkaang	106
449066	muʔ	see		HSH-SCL	1956	Mkaang	107
449067	tək	speak		HSH-SCL	1956	Mkaang	108
449068	ɣaⁱʔ	laugh		HSH-SCL	1956	Mkaang	109
449069	kɣaʔ	weep		HSH-SCL	1956	Mkaang	110
449070	si◦tuⁱ	spit		HSH-SCL	1956	Mkaang	112
449071	sʰïːt	bite		HSH-SCL	1956	Mkaang	114
449072	aⁱ	eat		HSH-SCL	1956	Mkaang	115
449073	ɔːk	drink		HSH-SCL	1956	Mkaang	116
449074	ɣïⁱ	drunk		HSH-SCL	1956	Mkaang	117
449075	lɔk	vomit		HSH-SCL	1956	Mkaang	118
449076	šʰoᵘ	smell		HSH-SCL	1956	Mkaang	119
449077	šʰiŋ	know		HSH-SCL	1956	Mkaang	121
449078	kʰe	count		HSH-SCL	1956	Mkaang	122
449079	k̯ɨk	fear		HSH-SCL	1956	Mkaang	123
449080	ɣaʔsʰə	want		HSH-SCL	1956	Mkaang	124
449081	iʔ	sleep		HSH-SCL	1956	Mkaang	125
449082	jən	lie		HSH-SCL	1956	Mkaang	126
449083	ɗïⁱʔ	stand		HSH-SCL	1956	Mkaang	127
449084	šʰut	sit		HSH-SCL	1956	Mkaang	128
449085	šɛʔ	walk		HSH-SCL	1956	Mkaang	129
449086	lɔk	come		HSH-SCL	1956	Mkaang	130
449087	luʔ	enter		HSH-SCL	1956	Mkaang	131
449088	sɛʔpaⁱ	return		HSH-SCL	1956	Mkaang	132
449089	šɔː	float		HSH-SCL	1956	Mkaang	135
449090	lɔᵘŋ	flow		HSH-SCL	1956	Mkaang	136
449091	ɓuːk	push		HSH-SCL	1956	Mkaang	137
449092	kaːⁱʔ	pull		HSH-SCL	1956	Mkaang	138
449093	vɔːⁱ	throw		HSH-SCL	1956	Mkaang	139
449094	kʰaːk	fall		HSH-SCL	1956	Mkaang	140
449095	pɛ́ːt	give		HSH-SCL	1956	Mkaang	141
449096	lɔᵘʔ	take		HSH-SCL	1956	Mkaang	142
449097	šʰiː	wash		HSH-SCL	1956	Mkaang	143
449098	ɓoᵘ	split		HSH-SCL	1956	Mkaang	145
449099	pin	tie		HSH-SCL	1956	Mkaang	146
449100	pɣʰɔⁱʔ	rub		HSH-SCL	1956	Mkaang	148
449101	kɣïp	cut		HSH-SCL	1956	Mkaang	150
449102	toʔ	dig		HSH-SCL	1956	Mkaang	152
449103	pat	squeeze		HSH-SCL	1956	Mkaang	154
449104	pa.mí	man		HSH-SCL	1956	Mkaang	155
449105	Muːmí	woman		HSH-SCL	1956	Mkaang	156
449106	kɣʰaːŋ	person		HSH-SCL	1956	Mkaang	157
449107	paːⁱ	father		HSH-SCL	1956	Mkaang	158
449108	nəːⁱ	mother		HSH-SCL	1956	Mkaang	159
449109	naːᵘ	child		HSH-SCL	1956	Mkaang	160
449110	mɔ	child		HSH-SCL	1956	Mkaang	160
449111	tšʰeⁱ	husband		HSH-SCL	1956	Mkaang	161
449112	kɣʰu	wife		HSH-SCL	1956	Mkaang	162
449113	táⁱ	(el.) bro.		HSH-SCL	1956	Mkaang	163
449114	tšiᵋ	(el.) sist.		HSH-SCL	1956	Mkaang	164
449115	miŋ	name		HSH-SCL	1956	Mkaang	166
449116	kéⁱ	I		HSH-SCL	1956	Mkaang	167
449117	náŋ	you (sg)		HSH-SCL	1956	Mkaang	168
449118	aʔ	he		HSH-SCL	1956	Mkaang	169
449119	kéⁱmⁱʔ	we		HSH-SCL	1956	Mkaang	170
449120	tšaːŋ	paddy rice		HSH-SCL	1956	Mkaang	173
449121	tšáŋ	pounded rice		HSH-SCL	1956	Mkaang	174
449122	ɓuʔ	cooked rice		HSH-SCL	1956	Mkaang	175
449123	vapum	corn		HSH-SCL	1956	Mkaang	176
449124	tši	salt		HSH-SCL	1956	Mkaang	177
449125	sʰaŋ.pʰɔ	red pepper		HSH-SCL	1956	Mkaang	178
449126	sʰukʰaːⁱ	pestle		HSH-SCL	1956	Mkaang	180
449127	sʰum	mortar		HSH-SCL	1956	Mkaang	181
449128	aⁱ.tʰɔ	cook	v	HSH-SCL	1956	Mkaang	182
449129	šʰiːm	firewood		HSH-SCL	1956	Mkaang	183
449130	méⁱ	fire		HSH-SCL	1956	Mkaang	184
449131	uⁱ	burn		HSH-SCL	1956	Mkaang	185
449132	meⁱkʰu	ashes		HSH-SCL	1956	Mkaang	186
449133	kúːk	smoke		HSH-SCL	1956	Mkaang	187
449134	lám	road, path		HSH-SCL	1956	Mkaang	188
449135	ím	house		HSH-SCL	1956	Mkaang	189
449136	k̯ʰïⁱ	sew		HSH-SCL	1956	Mkaang	192
449137	sʰuⁱsʰak	clothing		HSH-SCL	1956	Mkaang	193
449138	ɓi	work	v	HSH-SCL	1956	Mkaang	195
449139	ɣï	play		HSH-SCL	1956	Mkaang	196
449140	laːm	dance		HSH-SCL	1956	Mkaang	198
449141	šʰeⁱ	drum		HSH-SCL	1956	Mkaang	199
449142	mɔːŋ	gong		HSH-SCL	1956	Mkaang	200
449143	li	buy		HSH-SCL	1956	Mkaang	201
449144	lí	crossbow		HSH-SCL	1956	Mkaang	202
449145	lá	arrow		HSH-SCL	1956	Mkaang	203
449146	tšeⁱ	spear		HSH-SCL	1956	Mkaang	204
449147	ka	shoot		HSH-SCL	1956	Mkaang	205
449148	tət	hunt		HSH-SCL	1956	Mkaang	206
449149	ŋɔn	kill		HSH-SCL	1956	Mkaang	207
449150	ḁpum	one		HSH-SCL	1956	Mkaang	209
449151	pḁɴ̹iʔ	two		HSH-SCL	1956	Mkaang	210
449152	pḁ◦tʰum	three		HSH-SCL	1956	Mkaang	211
449153	pḁli	four		HSH-SCL	1956	Mkaang	212
449154	pḁɴ̹a	five		HSH-SCL	1956	Mkaang	213
449155	pḁluk	six		HSH-SCL	1956	Mkaang	214
449156	pḁɣïⁱ	seven		HSH-SCL	1956	Mkaang	215
449157	pḁɣɛt	eight		HSH-SCL	1956	Mkaang	216
449158	pḁko	nine		HSH-SCL	1956	Mkaang	217
449159	pḁ◦ša	ten		HSH-SCL	1956	Mkaang	218
449160	pḁ◦kuⁱ	twenty		HSH-SCL	1956	Mkaang	219
449161	pɣʰa	hundred		HSH-SCL	1956	Mkaang	220
449162	ḁɗəm	many		HSH-SCL	1956	Mkaang	222
449163	ḁjɔːⁱ	some		HSH-SCL	1956	Mkaang	223
449164	ḁjɔːⁱsapaⁱ	few		HSH-SCL	1956	Mkaang	224
449165	jɔːⁱ	small		HSH-SCL	1956	Mkaang	226
449166	sʰaːu	long		HSH-SCL	1956	Mkaang	227
449167	tɬuŋ	tall		HSH-SCL	1956	Mkaang	228
449168	tɔⁱ	short		HSH-SCL	1956	Mkaang	229
449169	pu◦luni	round		HSH-SCL	1956	Mkaang	230
449170	tʰa	thick		HSH-SCL	1956	Mkaang	232
449171	pim	thin		HSH-SCL	1956	Mkaang	233
449172	jaːŋ	wide		HSH-SCL	1956	Mkaang	234
449173	lɛ	black		HSH-SCL	1956	Mkaang	236
449174	šʰɛn	red		HSH-SCL	1956	Mkaang	237
449175	ɓɔ́ːk	white		HSH-SCL	1956	Mkaang	238
449176	ḁk̯im	green		HSH-SCL	1956	Mkaang	239
449177	aːⁱ	yellow		HSH-SCL	1956	Mkaang	240
449178	šïⁱ	wet		HSH-SCL	1956	Mkaang	242
449179	tʰu	rotten		HSH-SCL	1956	Mkaang	243
449180	ɓɛ	full		HSH-SCL	1956	Mkaang	245
449181	ḁnɛːk	dirty		HSH-SCL	1956	Mkaang	246
449182	xaːm	sharp		HSH-SCL	1956	Mkaang	247
449183	ḁ◦tʰaⁱ	new		HSH-SCL	1956	Mkaang	249
449184	ḁʔɔⁱ	hot		HSH-SCL	1956	Mkaang	250
449185	ɣïⁱ	cold		HSH-SCL	1956	Mkaang	251
449186	pɣuːn	straight		HSH-SCL	1956	Mkaang	253
449187	pa	right		HSH-SCL	1956	Mkaang	254
449188	daŋ	good		HSH-SCL	1956	Mkaang	255
449189	ḁjï	near		HSH-SCL	1956	Mkaang	259
449190	pat.lám	rightside		HSH-SCL	1956	Mkaang	260
449191	ɛⁱŋ.lám	leftside		HSH-SCL	1956	Mkaang	261
449192	təŋ.təŋ	same		HSH-SCL	1956	Mkaang	262
449193	ḁha.ḁfeⁱfeⁱ	different		HSH-SCL	1956	Mkaang	263
449194	tsɔna	here		HSH-SCL	1956	Mkaang	264
449195	hɔna	there		HSH-SCL	1956	Mkaang	265
449196	tsɔʔ	this		HSH-SCL	1956	Mkaang	266
449197	hɔtsɔʔ	that		HSH-SCL	1956	Mkaang	267
449198	hɔtsiʔa	when?		HSH-SCL	1956	Mkaang	268
449199	u.nu	who?		HSH-SCL	1956	Mkaang	270
449200	maʔmaʔ	with		HSH-SCL	1956	Mkaang	273
449201	atuʔ.ḁtšakaʔ.nu	because		HSH-SCL	1956	Mkaang	275
449202	kʰuːi	in		HSH-SCL	1956	Mkaang	278
449203	ïm	not		HSH-SCL	1956	Mkaang	279
449204	ïm.ni.pʰa.kə	(not)yet		HSH-SCL	1956	Mkaang	280
449205	kʰo	sky		HSH-SCL	1957	Chinbon	1
449206	kʰo.s̆ʰi	cloud		HSH-SCL	1957	Chinbon	2
449207	kʰoɴ̹iˀ	sun		HSH-SCL	1957	Chinbon	3
449208	moʔts̆ʰo	moon		HSH-SCL	1957	Chinbon	4
449209	aːi◦sʰi	star		HSH-SCL	1957	Chinbon	5
449210	ts̆ʰi	wind		HSH-SCL	1957	Chinbon	6
449211	joˀ	rain		HSH-SCL	1957	Chinbon	7
449212	m̩lokohan	rainbow		HSH-SCL	1957	Chinbon	8
449213	tïⁱpʰï	mist		HSH-SCL	1957	Chinbon	9
449214	kʰojaːn	night		HSH-SCL	1957	Chinbon	10
449215	kʰoɴïp	day		HSH-SCL	1957	Chinbon	11
449216	kʰo.kum	year		HSH-SCL	1957	Chinbon	12
449217	joˀlïŋ	hail		HSH-SCL	1957	Chinbon	13
449218	ɴaːᵘŋ	snow		HSH-SCL	1957	Chinbon	14
449219	tiːⁱ	water		HSH-SCL	1957	Chinbon	16
449220	m̩lik	river		HSH-SCL	1957	Chinbon	17
449221	li	lake		HSH-SCL	1957	Chinbon	18
449222	paŋlai	sea		HSH-SCL	1957	Chinbon	19
449223	m̩ɗeːk	earth		HSH-SCL	1957	Chinbon	20
449224	lïːŋ	stone		HSH-SCL	1957	Chinbon	21
449225	ɓehiːn	sand		HSH-SCL	1957	Chinbon	22
449226	lokɗaᵘk	mud		HSH-SCL	1957	Chinbon	23
449227	pïŋ.mït	dust		HSH-SCL	1957	Chinbon	24
449228	ha	gold		HSH-SCL	1957	Chinbon	25
449229	hjan	silver		HSH-SCL	1957	Chinbon	26
449230	m̩sïŋ	mountain		HSH-SCL	1957	Chinbon	27
449231	tʰeiŋ	tree		HSH-SCL	1957	Chinbon	28
449232	kʰo◦koːŋ	forest		HSH-SCL	1957	Chinbon	29
449233	ḁɴoˀ	leaf		HSH-SCL	1957	Chinbon	30
449234	ḁ◦hok	bark		HSH-SCL	1957	Chinbon	31
449235	paˀ◦pa	flower		HSH-SCL	1957	Chinbon	32
449236	ḁj ïŋ	root		HSH-SCL	1957	Chinbon	33
449237	ḁtʰaⁱʔ	fruit		HSH-SCL	1957	Chinbon	34
449238	aˀuⁱ	seed		HSH-SCL	1957	Chinbon	35
449239	pja	grass		HSH-SCL	1957	Chinbon	36
449240	tʰeiŋ◦kəŋ	branch		HSH-SCL	1957	Chinbon	37
449241	hampo	banana		HSH-SCL	1957	Chinbon	38
449242	mu	rattan		HSH-SCL	1957	Chinbon	39
449243	šʰakʰatʰaⁱˀ	papaya		HSH-SCL	1957	Chinbon	41
449244	ïntʰaⁱˀ	coconut		HSH-SCL	1957	Chinbon	42
449245	pəho	bird		HSH-SCL	1957	Chinbon	43
449246	ḁ◦pʰa	wing		HSH-SCL	1957	Chinbon	44
449247	ḁ◦mɔ	feather		HSH-SCL	1957	Chinbon	45
449248	paⁱ	fly		HSH-SCL	1957	Chinbon	46
449249	ḁ◦tïⁱˀ	egg		HSH-SCL	1957	Chinbon	47
449250	aˀmaⁱˀ	tail		HSH-SCL	1957	Chinbon	48
449251	m̩tiːn	claw		HSH-SCL	1957	Chinbon	49
449252	ḁtši	horn		HSH-SCL	1957	Chinbon	50
449253	ïⁱ	dog		HSH-SCL	1957	Chinbon	52
449254	wok	pig		HSH-SCL	1957	Chinbon	53
449255	aːso	chicken		HSH-SCL	1957	Chinbon	54
449256	papak	duck		HSH-SCL	1957	Chinbon	55
449257	ŋo	fish		HSH-SCL	1957	Chinbon	56
449258	pʰɔ́	snake		HSH-SCL	1957	Chinbon	57
449259	pʰï	rat		HSH-SCL	1957	Chinbon	58
449260	jeⁱ	rabbit		HSH-SCL	1957	Chinbon	59
449261	joːŋ	monkey		HSH-SCL	1957	Chinbon	60
449262	šʰɔktšʰi	deer		HSH-SCL	1957	Chinbon	61
449263	t◦šeⁱ	tiger		HSH-SCL	1957	Chinbon	62
449264	m̩◦no	buffalo		HSH-SCL	1957	Chinbon	63
449265	šʰɔ	cow		HSH-SCL	1957	Chinbon	64
449266	mïⁱ	elephant		HSH-SCL	1957	Chinbon	65
449267	mïⁱho	elephant tusk		HSH-SCL	1957	Chinbon	66
449268	səsaːk	worm		HSH-SCL	1957	Chinbon	67
449269	paᵘŋtši	scorpion		HSH-SCL	1957	Chinbon	68
449270	paᵘŋtši	spider		HSH-SCL	1957	Chinbon	69
449271	hɛk	louse		HSH-SCL	1957	Chinbon	70
449272	joŋjaːŋ	mosquito		HSH-SCL	1957	Chinbon	71
449273	pja	fly	n	HSH-SCL	1957	Chinbon	72
449274	ɴo◦tʰu	nose		HSH-SCL	1957	Chinbon	73
449275	mik.uⁱ	eye		HSH-SCL	1957	Chinbon	74
449276	ɴo	ear		HSH-SCL	1957	Chinbon	75
449277	lï	head		HSH-SCL	1957	Chinbon	76
449278	moːŋ	mouth		HSH-SCL	1957	Chinbon	77
449279	ho	tooth		HSH-SCL	1957	Chinbon	78
449280	m̩leⁱ	tongue		HSH-SCL	1957	Chinbon	79
449281	šʰám	hair		HSH-SCL	1957	Chinbon	80
449282	hɔ	neck		HSH-SCL	1957	Chinbon	81
449283	pá	shoulder		HSH-SCL	1957	Chinbon	82
449284	suⁱʔ	chest		HSH-SCL	1957	Chinbon	83
449285	ɬíŋ	back		HSH-SCL	1957	Chinbon	84
449286	m̩lïŋ	heart		HSH-SCL	1957	Chinbon	85
449287	hən.nu	abdomen		HSH-SCL	1957	Chinbon	86
449288	ɓək	abdomen		HSH-SCL	1957	Chinbon	86
449289	ḁtšʰa	intestines		HSH-SCL	1957	Chinbon	87
449290	m̩tʰiːn	liver		HSH-SCL	1957	Chinbon	88
449291	kït	hand		HSH-SCL	1957	Chinbon	89
449292	m̩jo	palm		HSH-SCL	1957	Chinbon	90
449293	m̩tin	nail		HSH-SCL	1957	Chinbon	91
449294	kʰo	leg		HSH-SCL	1957	Chinbon	92
449295	kʰo	foot		HSH-SCL	1957	Chinbon	93
449296	m̩kʰïːk.ɬï	knee		HSH-SCL	1957	Chinbon	94
449297	pʰeːⁱ	thigh		HSH-SCL	1957	Chinbon	95
449298	m̩ton	calf		HSH-SCL	1957	Chinbon	96
449299	tʰi	blood		HSH-SCL	1957	Chinbon	97
449300	ḁjuʔ	bone		HSH-SCL	1957	Chinbon	98
449301	wïn	skin		HSH-SCL	1957	Chinbon	99
449302	sʰo	flesh		HSH-SCL	1957	Chinbon	100
449303	ḁtʰaːᵘ	fat		HSH-SCL	1957	Chinbon	101
449304	hɛːŋ	live		HSH-SCL	1957	Chinbon	102
449305	dï	die		HSH-SCL	1957	Chinbon	102
449306	kɔ	sick		HSH-SCL	1957	Chinbon	104
449307	hjɔ	breath		HSH-SCL	1957	Chinbon	105
449308	jaːk	hear		HSH-SCL	1957	Chinbon	106
449309	mïʔ	see		HSH-SCL	1957	Chinbon	107
449310	haːᵘ	speak		HSH-SCL	1957	Chinbon	108
449311	m̩nïⁱʔ	laugh		HSH-SCL	1957	Chinbon	109
449312	kaːp	weep		HSH-SCL	1957	Chinbon	110
449313	m̩jən	suck		HSH-SCL	1957	Chinbon	111
449314	m̩sɔsəʔ	spit		HSH-SCL	1957	Chinbon	112
449315	mïːt	blow		HSH-SCL	1957	Chinbon	113
449316	suʔ	bite		HSH-SCL	1957	Chinbon	114
449317	eⁱ	eat		HSH-SCL	1957	Chinbon	115
449318	oːk	drink		HSH-SCL	1957	Chinbon	116
449319	mɔⁱʔ	drunk		HSH-SCL	1957	Chinbon	117
449320	m̩loːk	vomit		HSH-SCL	1957	Chinbon	118
449321	tʰï	smell		HSH-SCL	1957	Chinbon	119
449322	m̩tšʰiːn	think		HSH-SCL	1957	Chinbon	120
449323	Mɔt	know		HSH-SCL	1957	Chinbon	121
449324	m̩šʰeⁱʔ	count		HSH-SCL	1957	Chinbon	122
449325	tšeⁱʔ	fear		HSH-SCL	1957	Chinbon	123
449326	ɬïːt.eⁱ	want		HSH-SCL	1957	Chinbon	124
449327	ip	sleep		HSH-SCL	1957	Chinbon	125
449328	həːŋ	lie		HSH-SCL	1957	Chinbon	126
449329	líŋ	stand		HSH-SCL	1957	Chinbon	127
449330	ŋɔk	sit		HSH-SCL	1957	Chinbon	128
449331	se	walk		HSH-SCL	1957	Chinbon	129
449332	lo	come		HSH-SCL	1957	Chinbon	130
449333	lït	enter		HSH-SCL	1957	Chinbon	131
449334	setɓa	return		HSH-SCL	1957	Chinbon	132
449335	teⁱneⁱ	turn		HSH-SCL	1957	Chinbon	133
449336	tïⁱaʔjəᵘ	swim		HSH-SCL	1957	Chinbon	134
449337	loːŋ	flow		HSH-SCL	1957	Chinbon	136
449338	ɓïk	push		HSH-SCL	1957	Chinbon	137
449339	m̩kaiʔ	pull		HSH-SCL	1957	Chinbon	138
449340	m̩ɗaːᵘ	throw		HSH-SCL	1957	Chinbon	139
449341	ɓɔːt	fall		HSH-SCL	1957	Chinbon	140
449342	peːt	give		HSH-SCL	1957	Chinbon	141
449343	ləᵘʔ	take		HSH-SCL	1957	Chinbon	142
449344	ɓoːt	wash		HSH-SCL	1957	Chinbon	143
449345	m̩šʰop	launder		HSH-SCL	1957	Chinbon	144
449346	ɓəᵘ	split		HSH-SCL	1957	Chinbon	145
449347	kʰïn	tie		HSH-SCL	1957	Chinbon	146
449348	hɔːt	wipe		HSH-SCL	1957	Chinbon	147
449349	ɓoːt	rub		HSH-SCL	1957	Chinbon	148
449350	məⁱʔ	hit		HSH-SCL	1957	Chinbon	149
449351	kʰəⁱ	cut		HSH-SCL	1957	Chinbon	150
449352	šʰən	stab		HSH-SCL	1957	Chinbon	151
449353	səʔ	dig		HSH-SCL	1957	Chinbon	152
449354	kʰaiʔ	scratch		HSH-SCL	1957	Chinbon	153
449355	hoːk	squeeze		HSH-SCL	1957	Chinbon	154
449356	pəto	man		HSH-SCL	1957	Chinbon	155
449357	məto	woman		HSH-SCL	1957	Chinbon	156
449358	tšʰaᵘŋ	person		HSH-SCL	1957	Chinbon	157
449359	po	father		HSH-SCL	1957	Chinbon	158
449360	nï	mother		HSH-SCL	1957	Chinbon	159
449361	šʰɔŋɴ̹iʔ	child		HSH-SCL	1957	Chinbon	160
449362	kʰoŋpo	husband		HSH-SCL	1957	Chinbon	161
449363	im.moʔnï	wife		HSH-SCL	1957	Chinbon	162
449364	ata	(el.) bro.		HSH-SCL	1957	Chinbon	163
449365	asi	(el.) sist.		HSH-SCL	1957	Chinbon	164
449366	naːᵘ	yngr.sibl.		HSH-SCL	1957	Chinbon	165
449367	amiŋ	name		HSH-SCL	1957	Chinbon	166
449368	k̯ei	I		HSH-SCL	1957	Chinbon	167
449369	tšei	I		HSH-SCL	1957	Chinbon	167
449370	naŋ	you (sg)		HSH-SCL	1957	Chinbon	168
449371	aʔ◦niʔ	he		HSH-SCL	1957	Chinbon	169
449372	niniʔ	we		HSH-SCL	1957	Chinbon	170
449373	naʔniʔ	you (pl)		HSH-SCL	1957	Chinbon	171
449374	aʔniʔniʔ	they		HSH-SCL	1957	Chinbon	172
449375	sɔ́ːŋ	paddy rice		HSH-SCL	1957	Chinbon	173
449376	sɔ́ːŋ	pounded rice		HSH-SCL	1957	Chinbon	174
449377	ɓïʔ	cooked rice		HSH-SCL	1957	Chinbon	175
449378	šʰampïŋ	corn		HSH-SCL	1957	Chinbon	176
449379	m̩si	salt		HSH-SCL	1957	Chinbon	177
449380	šʰampʰo	red pepper		HSH-SCL	1957	Chinbon	178
449381	kumja	betel chew		HSH-SCL	1957	Chinbon	179
449382	šʰïk.kʰɔ	pestle		HSH-SCL	1957	Chinbon	180
449383	šʰum	mortar		HSH-SCL	1957	Chinbon	181
449384	ɓïʔ	cook	v	HSH-SCL	1957	Chinbon	182
449385	tʰiŋ	firewood		HSH-SCL	1957	Chinbon	183
449386	maⁱ	fire		HSH-SCL	1957	Chinbon	184
449387	uʔ	burn		HSH-SCL	1957	Chinbon	185
449388	maⁱʔkʰï	ashes		HSH-SCL	1957	Chinbon	186
449389	kïːk	smoke		HSH-SCL	1957	Chinbon	187
449390	lam	road, path		HSH-SCL	1957	Chinbon	188
449391	im	house		HSH-SCL	1957	Chinbon	189
449392	teⁱʔ	roof		HSH-SCL	1957	Chinbon	190
449393	jïⁱ	cord		HSH-SCL	1957	Chinbon	191
449394	kʰɔⁱ	sew		HSH-SCL	1957	Chinbon	192
449395	šʰuⁱwat	clothing		HSH-SCL	1957	Chinbon	193
449396	tšʰeⁱ	loincloth		HSH-SCL	1957	Chinbon	194
449397	kʰït	work	v	HSH-SCL	1957	Chinbon	195
449398	meŋ.eⁱ	play		HSH-SCL	1957	Chinbon	196
449399	ʔəːⁱeⁱ	sing		HSH-SCL	1957	Chinbon	197
449400	lam	dance		HSH-SCL	1957	Chinbon	198
449401	siŋ.nï	drum		HSH-SCL	1957	Chinbon	199
449402	moːŋ	gong		HSH-SCL	1957	Chinbon	200
449403	ɬeⁱʔ	buy		HSH-SCL	1957	Chinbon	201
449404	lí	crossbow		HSH-SCL	1957	Chinbon	202
449405	m̩lo	arrow		HSH-SCL	1957	Chinbon	203
449406	šʰok.tšʰeⁱ	spear		HSH-SCL	1957	Chinbon	204
449407	koʔ	shoot		HSH-SCL	1957	Chinbon	205
449408	tšʰok.eijaⁱ	hunt		HSH-SCL	1957	Chinbon	206
449409	tïk	kill		HSH-SCL	1957	Chinbon	207
449410	tək	fight		HSH-SCL	1957	Chinbon	208
449411	pḁhɔt	one		HSH-SCL	1957	Chinbon	209
449412	pi̥hiʔ	two		HSH-SCL	1957	Chinbon	210
449413	pḁ◦tʰum	three		HSH-SCL	1957	Chinbon	211
449414	m̩ɬi	four		HSH-SCL	1957	Chinbon	212
449415	m̩Mɔ	five		HSH-SCL	1957	Chinbon	213
449416	šʰok	six		HSH-SCL	1957	Chinbon	214
449417	šʰeiʔ	seven		HSH-SCL	1957	Chinbon	215
449418	šʰat	eight		HSH-SCL	1957	Chinbon	216
449419	ko	nine		HSH-SCL	1957	Chinbon	217
449420	ha	ten		HSH-SCL	1957	Chinbon	218
449421	m̩kɔ	twenty		HSH-SCL	1957	Chinbon	219
449422	pjʰahɔt	hundred		HSH-SCL	1957	Chinbon	220
449423	ḁlum	all		HSH-SCL	1957	Chinbon	221
449424	ḁlïⁱpoᵘ	many		HSH-SCL	1957	Chinbon	222
449425	ḁɓəp	some		HSH-SCL	1957	Chinbon	223
449426	pilikso	few		HSH-SCL	1957	Chinbon	224
449427	ḁleⁱnpo	big		HSH-SCL	1957	Chinbon	225
449428	aʔdiːkso	small		HSH-SCL	1957	Chinbon	226
449429	ḁšʰaːᵘpo	long		HSH-SCL	1957	Chinbon	227
449430	ḁɬïŋkap	tall		HSH-SCL	1957	Chinbon	228
449431	ḁtoⁱ	short		HSH-SCL	1957	Chinbon	229
449432	ḁ◦pə◦ɬom	round		HSH-SCL	1957	Chinbon	230
449433	ḁtʰɔⁱ.jot	smooth		HSH-SCL	1957	Chinbon	231
449434	ḁ◦šʰoʔ	thick		HSH-SCL	1957	Chinbon	232
449435	ḁpim	thin		HSH-SCL	1957	Chinbon	233
449436	aʔ◦jaᵘ◦kap	wide		HSH-SCL	1957	Chinbon	234
449437	ḁsaⁱk	narrow		HSH-SCL	1957	Chinbon	235
449438	ḁle	black		HSH-SCL	1957	Chinbon	236
449439	ḁ◦šʰin	red		HSH-SCL	1957	Chinbon	237
449440	ḁ◦ɓoːk	white		HSH-SCL	1957	Chinbon	238
449441	ḁsiŋ	green		HSH-SCL	1957	Chinbon	239
449442	aʔɔːⁱ	yellow		HSH-SCL	1957	Chinbon	240
449443	ḁhɔpʰət	dry		HSH-SCL	1957	Chinbon	241
449444	ḁjɔ	wet		HSH-SCL	1957	Chinbon	242
449445	tʰï	rotten		HSH-SCL	1957	Chinbon	243
449446	tšʰiŋ	swell		HSH-SCL	1957	Chinbon	244
449447	lïⁱk	full		HSH-SCL	1957	Chinbon	245
449448	m̩sop.lap	dirty		HSH-SCL	1957	Chinbon	246
449449	haːt	sharp		HSH-SCL	1957	Chinbon	247
449450	jeⁱʔno	dull		HSH-SCL	1957	Chinbon	248
449451	tʰaː	new		HSH-SCL	1957	Chinbon	249
449452	ɬok	hot		HSH-SCL	1957	Chinbon	250
449453	mjï	cold		HSH-SCL	1957	Chinbon	251
449454	jeⁱʔ	heavy		HSH-SCL	1957	Chinbon	252
449455	pïːn	straight		HSH-SCL	1957	Chinbon	253
449456	ḁMɔn	right		HSH-SCL	1957	Chinbon	254
449457	taːᵘ	good		HSH-SCL	1957	Chinbon	255
449458	šʰï	bad		HSH-SCL	1957	Chinbon	256
449459	aʔï	old-aged		HSH-SCL	1957	Chinbon	257
449460	ɬo	far		HSH-SCL	1957	Chinbon	258
449461	sɔʔ	near		HSH-SCL	1957	Chinbon	259
449462	kʰɛp.pɔːt	rightside		HSH-SCL	1957	Chinbon	260
449463	kʰeːⁱ.pɔːt	leftside		HSH-SCL	1957	Chinbon	261
449464	aɓɔŋ.ɓɔŋ	same		HSH-SCL	1957	Chinbon	262
449465	ḁkaᵘ.eⁱ	different		HSH-SCL	1957	Chinbon	263
449466	ni.a	here		HSH-SCL	1957	Chinbon	264
449467	sina	there		HSH-SCL	1957	Chinbon	265
449468	ni	this		HSH-SCL	1957	Chinbon	266
449469	honi	this		HSH-SCL	1957	Chinbon	266
449470	siːn	that		HSH-SCL	1957	Chinbon	267
449471	sini	that		HSH-SCL	1957	Chinbon	267
449472	pətamə	when?		HSH-SCL	1957	Chinbon	268
449473	anomə	where?		HSH-SCL	1957	Chinbon	269
449474	amaᵘŋmə	who?		HSH-SCL	1957	Chinbon	270
449475	apimə	what?		HSH-SCL	1957	Chinbon	271
449476	nəʔ	and		HSH-SCL	1957	Chinbon	272
449477	ahɔtə	with		HSH-SCL	1957	Chinbon	273
449478	a	at		HSH-SCL	1957	Chinbon	274
449479	pitšansïmə	because		HSH-SCL	1957	Chinbon	275
449480	piləka	how		HSH-SCL	1957	Chinbon	276
449481	pənkoʔ	if		HSH-SCL	1957	Chinbon	277
449482	ḁɗïka	in		HSH-SCL	1957	Chinbon	278
449483	laʔ	not		HSH-SCL	1957	Chinbon	279
449484	hamlaʔ	(not)yet		HSH-SCL	1957	Chinbon	280
449485	apənhiʔ	already		HSH-SCL	1957	Chinbon	281
449486	kʰo	sky		HSH-SCL	1958	Matu	1
449487	kʰo◦moŋ	cloud		HSH-SCL	1958	Matu	2
449488	kʰomik	sun		HSH-SCL	1958	Matu	3
449489	tɬʰa	moon		HSH-SCL	1958	Matu	4
449490	aːⁱ◦sʰi	star		HSH-SCL	1958	Matu	5
449491	tɬʰi	wind		HSH-SCL	1958	Matu	6
449492	kʰotɬan	rain		HSH-SCL	1958	Matu	7
449493	mal.pədiŋ	rainbow		HSH-SCL	1958	Matu	8
449494	mïⁱ	mist		HSH-SCL	1958	Matu	9
449495	kʰo.jin	night		HSH-SCL	1958	Matu	10
449496	kʰo.tʰaⁱˀ	day		HSH-SCL	1958	Matu	11
449497	kʰo◦kum	year		HSH-SCL	1958	Matu	12
449498	xɛl	hail		HSH-SCL	1958	Matu	13
449499	xɔsɔŋ	snow		HSH-SCL	1958	Matu	14
449500	tuⁱkʰal	freeze		HSH-SCL	1958	Matu	15
449501	tuⁱ	water		HSH-SCL	1958	Matu	16
449502	tuⁱva	river		HSH-SCL	1958	Matu	17
449503	tuⁱli	lake		HSH-SCL	1958	Matu	18
449504	pinlɛŋ	sea		HSH-SCL	1958	Matu	19
449505	ɗiklaⁱ	earth		HSH-SCL	1958	Matu	20
449506	luŋ◦toᵘ	stone		HSH-SCL	1958	Matu	21
449507	ɗivinlaːⁱ	sand		HSH-SCL	1958	Matu	22
449508	taknoᵘŋ	mud		HSH-SCL	1958	Matu	23
449509	laⁱnip	dust		HSH-SCL	1958	Matu	24
449510	šuⁱ	gold		HSH-SCL	1958	Matu	25
449511	ŋun	silver		HSH-SCL	1958	Matu	26
449512	tɬaŋ	mountain		HSH-SCL	1958	Matu	27
449513	tʰiŋ◦kuŋ	tree		HSH-SCL	1958	Matu	28
449514	kʰo◦hoᵘŋ	forest		HSH-SCL	1958	Matu	29
449515	ɴaˀ	leaf		HSH-SCL	1958	Matu	30
449516	ḁkok	bark		HSH-SCL	1958	Matu	31
449517	xaⁱ◦paːⁱ	flower		HSH-SCL	1958	Matu	32
449518	ḁkuŋ	root		HSH-SCL	1958	Matu	33
449519	ḁtʰaⁱˀ	fruit		HSH-SCL	1958	Matu	34
449520	ḁmu	seed		HSH-SCL	1958	Matu	35
449521	laⁱtin	grass		HSH-SCL	1958	Matu	36
449522	səksik	branch		HSH-SCL	1958	Matu	37
449523	ɗaŋki.tʰaⁱˀ	banana		HSH-SCL	1958	Matu	38
449524	xuⁱ	rattan		HSH-SCL	1958	Matu	39
449525	va	bird		HSH-SCL	1958	Matu	43
449526	ḁ◦pʰeⁱ	wing		HSH-SCL	1958	Matu	44
449527	ḁ◦mul	feather		HSH-SCL	1958	Matu	45
449528	diŋ	fly		HSH-SCL	1958	Matu	46
449529	aːⁱ◦duⁱ	egg		HSH-SCL	1958	Matu	47
449530	ḁ◦maːⁱ	tail		HSH-SCL	1958	Matu	48
449531	tin	claw		HSH-SCL	1958	Matu	49
449532	ḁ◦ki	horn		HSH-SCL	1958	Matu	50
449533	səxam	animal		HSH-SCL	1958	Matu	51
449534	uⁱ	dog		HSH-SCL	1958	Matu	52
449535	wok	pig		HSH-SCL	1958	Matu	53
449536	ok	pig		HSH-SCL	1958	Matu	53
449537	aːⁱ	chicken		HSH-SCL	1958	Matu	54
449538	ləpaⁱˀ◦aːⁱ	duck		HSH-SCL	1958	Matu	55
449539	ŋa	fish		HSH-SCL	1958	Matu	56
449540	xul	snake		HSH-SCL	1958	Matu	57
449541	šʰu	rat		HSH-SCL	1958	Matu	58
449542	səvɛˀ	rabbit		HSH-SCL	1958	Matu	59
449543	joːŋ	monkey		HSH-SCL	1958	Matu	60
449544	sʰə◦juˀ	deer		HSH-SCL	1958	Matu	61
449545	kaːⁱ	tiger		HSH-SCL	1958	Matu	62
449546	pə◦na	buffalo		HSH-SCL	1958	Matu	63
449547	sʰɛl	cow		HSH-SCL	1958	Matu	64
449548	vïⁱ	elephant		HSH-SCL	1958	Matu	65
449549	vïⁱno	elephant tusk		HSH-SCL	1958	Matu	66
449550	tuⁱlam	worm		HSH-SCL	1958	Matu	67
449551	sɛlkʰuⁱtaʔaⁱ	scorpion		HSH-SCL	1958	Matu	68
449552	bəmba	spider		HSH-SCL	1958	Matu	69
449553	hik	louse		HSH-SCL	1958	Matu	70
449554	pilkoŋ	mosquito		HSH-SCL	1958	Matu	71
449555	pil	fly	n	HSH-SCL	1958	Matu	72
449556	ɴa◦xõŋ	nose		HSH-SCL	1958	Matu	73
449557	mik	eye		HSH-SCL	1958	Matu	74
449558	ŋ̩ɴ̹a	ear		HSH-SCL	1958	Matu	75
449559	lu	head		HSH-SCL	1958	Matu	76
449560	ʔka	mouth		HSH-SCL	1958	Matu	77
449561	n̩no	tooth		HSH-SCL	1958	Matu	78
449562	n̩laⁱ	tongue		HSH-SCL	1958	Matu	79
449563	sʰam	hair		HSH-SCL	1958	Matu	80
449564	ŋ̩xɔːn	neck		HSH-SCL	1958	Matu	81
449565	liŋpaːŋ	shoulder		HSH-SCL	1958	Matu	82
449566	sʰuːk	chest		HSH-SCL	1958	Matu	83
449567	ɴukbɛːn	back		HSH-SCL	1958	Matu	84
449568	luŋ◦buⁱ	heart		HSH-SCL	1958	Matu	85
449569	m̩pʰaⁱ	abdomen		HSH-SCL	1958	Matu	86
449570	ŋ̩xil	intestines		HSH-SCL	1958	Matu	87
449571	n̩tʰin	liver		HSH-SCL	1958	Matu	88
449572	kut	hand		HSH-SCL	1958	Matu	89
449573	kutpʰa	palm		HSH-SCL	1958	Matu	90
449574	tin	nail		HSH-SCL	1958	Matu	91
449575	kʰo	leg		HSH-SCL	1958	Matu	92
449576	kʰo	foot		HSH-SCL	1958	Matu	93
449577	kʰuk.lu	knee		HSH-SCL	1958	Matu	94
449578	pʰaⁱ	thigh		HSH-SCL	1958	Matu	95
449579	tanlan	calf		HSH-SCL	1958	Matu	96
449580	tʰi	blood		HSH-SCL	1958	Matu	97
449581	n̩ xuʔ	bone		HSH-SCL	1958	Matu	98
449582	vin	skin		HSH-SCL	1958	Matu	99
449583	sʰa	flesh		HSH-SCL	1958	Matu	100
449584	ḁ◦tʰaːᵘ	fat		HSH-SCL	1958	Matu	101
449585	hiŋ	live		HSH-SCL	1958	Matu	102
449586	dïk	die		HSH-SCL	1958	Matu	102
449587	tɬo	sick		HSH-SCL	1958	Matu	104
449588	hilsʰaŋ	breath		HSH-SCL	1958	Matu	105
449589	jaːk	hear		HSH-SCL	1958	Matu	106
449590	huʔ	see		HSH-SCL	1958	Matu	107
449591	tʰuⁱ	speak		HSH-SCL	1958	Matu	108
449592	nïⁱ	laugh		HSH-SCL	1958	Matu	109
449593	xap	weep		HSH-SCL	1958	Matu	110
449594	jɔn	suck		HSH-SCL	1958	Matu	111
449595	tam.tuⁱ◦tʰa	spit		HSH-SCL	1958	Matu	112
449596	huːt	blow		HSH-SCL	1958	Matu	113
449597	ŋɛⁱʔ	bite		HSH-SCL	1958	Matu	114
449598	sa	eat		HSH-SCL	1958	Matu	115
449599	oːk	drink		HSH-SCL	1958	Matu	116
449600	xuːi	drunk		HSH-SCL	1958	Matu	117
449601	lɔːk	vomit		HSH-SCL	1958	Matu	118
449602	xim	smell		HSH-SCL	1958	Matu	119
449603	pək	think		HSH-SCL	1958	Matu	120
449604	miŋ	know		HSH-SCL	1958	Matu	121
449605	ʔteⁱ	count		HSH-SCL	1958	Matu	122
449606	xiʔ	fear		HSH-SCL	1958	Matu	123
449607	hï	want		HSH-SCL	1958	Matu	124
449608	ŋaiʔ	want		HSH-SCL	1958	Matu	124
449609	ip	sleep		HSH-SCL	1958	Matu	125
449610	ŋ̩kɛlʔ	lie		HSH-SCL	1958	Matu	126
449611	m̩pai	stand		HSH-SCL	1958	Matu	127
449612	ŋɔl	sit		HSH-SCL	1958	Matu	128
449613	n̩sɛt	walk		HSH-SCL	1958	Matu	129
449614	n̩lo	come		HSH-SCL	1958	Matu	130
449615	ŋ̩kun	enter		HSH-SCL	1958	Matu	131
449616	kəpmil	return		HSH-SCL	1958	Matu	132
449617	mil	turn		HSH-SCL	1958	Matu	133
449618	n̩ja	swim		HSH-SCL	1958	Matu	134
449619	lo.plam	float		HSH-SCL	1958	Matu	135
449620	loŋ	flow		HSH-SCL	1958	Matu	136
449621	ʔtulʔ	push		HSH-SCL	1958	Matu	137
449622	ɗək	pull		HSH-SCL	1958	Matu	138
449623	vïⁱk	throw		HSH-SCL	1958	Matu	139
449624	tɬʰa	fall		HSH-SCL	1958	Matu	140
449625	peːk	give		HSH-SCL	1958	Matu	141
449626	loʔ	take		HSH-SCL	1958	Matu	142
449627	sʰilʔ	wash		HSH-SCL	1958	Matu	143
449628	boʔ	split		HSH-SCL	1958	Matu	145
449629	ʔkʰiʔ	tie		HSH-SCL	1958	Matu	146
449630	hɔːt	wipe		HSH-SCL	1958	Matu	147
449631	tʰuːt	rub		HSH-SCL	1958	Matu	148
449632	tʰək	hit		HSH-SCL	1958	Matu	149
449633	teⁱʔ	cut		HSH-SCL	1958	Matu	150
449634	tʰuːn	stab		HSH-SCL	1958	Matu	151
449635	toᵘ	dig		HSH-SCL	1958	Matu	152
449636	kʰəʔ	scratch		HSH-SCL	1958	Matu	153
449637	kʰak	squeeze		HSH-SCL	1958	Matu	154
449638	taŋpa	man		HSH-SCL	1958	Matu	155
449639	huta	woman		HSH-SCL	1958	Matu	156
449640	aʔnⁱʔ	person		HSH-SCL	1958	Matu	157
449641	pa	father		HSH-SCL	1958	Matu	158
449642	nu	mother		HSH-SCL	1958	Matu	159
449643	səmï	child		HSH-SCL	1958	Matu	160
449644	ava	husband		HSH-SCL	1958	Matu	161
449645	aju	wife		HSH-SCL	1958	Matu	162
449646	maja	(el.) bro.		HSH-SCL	1958	Matu	163
449647	ŋan.nu	(el.) sist.		HSH-SCL	1958	Matu	164
449648	kam.na	yngr.sibl.		HSH-SCL	1958	Matu	165
449649	ŋ̩miŋ	name		HSH-SCL	1958	Matu	166
449650	kaⁱ	I		HSH-SCL	1958	Matu	167
449651	naŋ	you (sg)		HSH-SCL	1958	Matu	168
449652	a◦niʔ	he		HSH-SCL	1958	Matu	169
449653	kaⁱmiʔ	we		HSH-SCL	1958	Matu	170
449654	naŋ◦miʔ	you (pl)		HSH-SCL	1958	Matu	171
449655	amiˀ	they		HSH-SCL	1958	Matu	172
449656	saŋ	paddy rice		HSH-SCL	1958	Matu	173
449657	saŋjɛn	pounded rice		HSH-SCL	1958	Matu	174
449658	ɓuʔ	cooked rice		HSH-SCL	1958	Matu	175
449659	vaⁱkïm	corn		HSH-SCL	1958	Matu	176
449660	laŋ◦keⁱʔ	salt		HSH-SCL	1958	Matu	177
449661	xït	red pepper		HSH-SCL	1958	Matu	178
449662	dəŋ.suŋ	pestle		HSH-SCL	1958	Matu	180
449663	sʰum	mortar		HSH-SCL	1958	Matu	181
449664	atʰɔːŋ	cook	v	HSH-SCL	1958	Matu	182
449665	tʰiŋ	firewood		HSH-SCL	1958	Matu	183
449666	Maⁱ	fire		HSH-SCL	1958	Matu	184
449667	uŋ	burn		HSH-SCL	1958	Matu	185
449668	Maⁱkʰu	ashes		HSH-SCL	1958	Matu	186
449669	luŋ.ɓɛⁱk	smoke		HSH-SCL	1958	Matu	187
449670	loŋ	road, path		HSH-SCL	1958	Matu	188
449671	im	house		HSH-SCL	1958	Matu	189
449672	impʰu	roof		HSH-SCL	1958	Matu	190
449673	ḁxuⁱ	cord		HSH-SCL	1958	Matu	191
449674	ḁ◦huⁱ	sew		HSH-SCL	1958	Matu	192
449675	sʰuⁱsʰak	clothing		HSH-SCL	1958	Matu	193
449676	pïⁱnak	loincloth		HSH-SCL	1958	Matu	194
449677	bi	work	v	HSH-SCL	1958	Matu	195
449678	saŋdək	play		HSH-SCL	1958	Matu	196
449679	ḁsak	sing		HSH-SCL	1958	Matu	197
449680	lam	dance		HSH-SCL	1958	Matu	198
449681	təm	drum		HSH-SCL	1958	Matu	199
449682	moŋ	gong		HSH-SCL	1958	Matu	200
449683	n̩laⁱ	buy		HSH-SCL	1958	Matu	201
449684	li	crossbow		HSH-SCL	1958	Matu	202
449685	la	arrow		HSH-SCL	1958	Matu	203
449686	saⁱ	spear		HSH-SCL	1958	Matu	204
449687	kaʔ	shoot		HSH-SCL	1958	Matu	205
449688	sʰa.jïp	hunt		HSH-SCL	1958	Matu	206
449689	ŋɔn	kill		HSH-SCL	1958	Matu	207
449690	xïⁱ	fight		HSH-SCL	1958	Matu	208
449691	pḁ◦kʰat	one		HSH-SCL	1958	Matu	209
449692	pḁɴiʔ	two		HSH-SCL	1958	Matu	210
449693	pḁ◦tʰum	three		HSH-SCL	1958	Matu	211
449694	pḁli	four		HSH-SCL	1958	Matu	212
449695	pḁŋa	five		HSH-SCL	1958	Matu	213
449696	pḁxuk	six		HSH-SCL	1958	Matu	214
449697	pḁxik	seven		HSH-SCL	1958	Matu	215
449698	pḁxɛːt	eight		HSH-SCL	1958	Matu	216
449699	pḁko	nine		HSH-SCL	1958	Matu	217
449700	pḁ◦xa	ten		HSH-SCL	1958	Matu	218
449701	pḁ◦kul	twenty		HSH-SCL	1958	Matu	219
449702	sakʰat	hundred		HSH-SCL	1958	Matu	220
449703	ɓəiˀa	all		HSH-SCL	1958	Matu	221
449704	məʔ	many		HSH-SCL	1958	Matu	222
449705	ḁtɬə	some		HSH-SCL	1958	Matu	223
449706	ḁŋɛn	few		HSH-SCL	1958	Matu	224
449707	ḁlɛːn	big		HSH-SCL	1958	Matu	225
449708	ḁjol	small		HSH-SCL	1958	Matu	226
449709	ḁsʰɛːn	long		HSH-SCL	1958	Matu	227
449710	ḁ◦sʰãŋ	tall		HSH-SCL	1958	Matu	228
449711	ḁ◦təⁱ	short		HSH-SCL	1958	Matu	229
449712	kəluk	round		HSH-SCL	1958	Matu	230
449713	xal	smooth		HSH-SCL	1958	Matu	231
449714	tʰaʔ	thick		HSH-SCL	1958	Matu	232
449715	pím	thin		HSH-SCL	1958	Matu	233
449716	ḁka	wide		HSH-SCL	1958	Matu	234
449717	tək	narrow		HSH-SCL	1958	Matu	235
449718	ḁmïm	black		HSH-SCL	1958	Matu	236
449719	ḁliːŋ	red		HSH-SCL	1958	Matu	237
449720	ḁ◦ɓoːk	white		HSH-SCL	1958	Matu	238
449721	ḁhiŋ	green		HSH-SCL	1958	Matu	239
449722	a.ɛŋ	yellow		HSH-SCL	1958	Matu	240
449723	xɛⁱ	dry		HSH-SCL	1958	Matu	241
449724	sʰul	wet		HSH-SCL	1958	Matu	242
449725	xɔŋ	rotten		HSH-SCL	1958	Matu	243
449726	pʰiŋ	swell		HSH-SCL	1958	Matu	244
449727	ɓeⁱ	full		HSH-SCL	1958	Matu	245
449728	mukʰuːt	dirty		HSH-SCL	1958	Matu	246
449729	haːt	sharp		HSH-SCL	1958	Matu	247
449730	aŋvaːk	dull		HSH-SCL	1958	Matu	248
449731	ḁ◦tʰaⁱ	new		HSH-SCL	1958	Matu	249
449732	ɓɛ	hot		HSH-SCL	1958	Matu	250
449733	diŋ	cold		HSH-SCL	1958	Matu	251
449734	xit	heavy		HSH-SCL	1958	Matu	252
449735	dïŋ	straight		HSH-SCL	1958	Matu	253
449736	tiŋ	right		HSH-SCL	1958	Matu	254
449737	tʰɛn	good		HSH-SCL	1958	Matu	255
449738	tʰe	bad		HSH-SCL	1958	Matu	256
449739	xïm	old-aged		HSH-SCL	1958	Matu	257
449740	tɬʰa	far		HSH-SCL	1958	Matu	258
449741	jəⁱ	near		HSH-SCL	1958	Matu	259
449742	ɓentaŋɓen	rightside		HSH-SCL	1958	Matu	260
449743	ɓenvəⁱɓen	leftside		HSH-SCL	1958	Matu	261
449744	vaⁱuʔ	same		HSH-SCL	1958	Matu	262
449745	lak.lə	different		HSH-SCL	1958	Matu	263
449746	hiːa	here		HSH-SCL	1958	Matu	264
449747	kiːa	there		HSH-SCL	1958	Matu	265
449748	hɛ	this		HSH-SCL	1958	Matu	266
449749	kɛ	that		HSH-SCL	1958	Matu	267
449750	mɛvɛŋ.aʔ	when?		HSH-SCL	1958	Matu	268
449751	mɛʔaʔ	where?		HSH-SCL	1958	Matu	269
449752	u.lɛ	who?		HSH-SCL	1958	Matu	270
449753	tu.lɛ	what?		HSH-SCL	1958	Matu	271
449754	nɛʔ	and		HSH-SCL	1958	Matu	272
449755	ḁnaʔ	with		HSH-SCL	1958	Matu	273
449756	aʔ	at		HSH-SCL	1958	Matu	274
449757	tudoŋaʔ	because		HSH-SCL	1958	Matu	275
449758	mɛtiʔla	how		HSH-SCL	1958	Matu	276
449759	kəⁱniʔ	if		HSH-SCL	1958	Matu	277
449760	ḁkʰuⁱ	in		HSH-SCL	1958	Matu	278
449761	nɔʔ	not		HSH-SCL	1958	Matu	279
449762	nɔʔni	(not)yet		HSH-SCL	1958	Matu	280
449763	səŋ	already		HSH-SCL	1958	Matu	281
449764	kani	sky		HSH-SCL	1959	Khumi	1
449765	kʰupənən	cloud		HSH-SCL	1959	Khumi	2
449766	kani	sun		HSH-SCL	1959	Khumi	3
449767	lóˀ	moon		HSH-SCL	1959	Khumi	4
449768	kaⁱ◦sʰi	star		HSH-SCL	1959	Khumi	5
449769	ḁlí	wind		HSH-SCL	1959	Khumi	6
449770	kani.náⁱˀ	rain		HSH-SCL	1959	Khumi	7
449771	sʰam.jáⁱˀ	rainbow		HSH-SCL	1959	Khumi	8
449772	tᵊmaⁱ	mist		HSH-SCL	1959	Khumi	9
449773	də́n	night		HSH-SCL	1959	Khumi	10
449774	kani	day		HSH-SCL	1959	Khumi	11
449775	sʰa◦niŋ	year		HSH-SCL	1959	Khumi	12
449776	kani.əmáⁱˀ	hail		HSH-SCL	1959	Khumi	13
449777	kʰu.tᵊmáⁱˀ	snow		HSH-SCL	1959	Khumi	14
449778	tuⁱ.akɔⁱnaⁱˀ	freeze		HSH-SCL	1959	Khumi	15
449779	tui	water		HSH-SCL	1959	Khumi	16
449780	təvó	river		HSH-SCL	1959	Khumi	17
449781	tuⁱli	lake		HSH-SCL	1959	Khumi	18
449782	paŋleⁱ	sea		HSH-SCL	1959	Khumi	19
449783	kʰaⁱlɛᶺŋ	earth		HSH-SCL	1959	Khumi	20
449784	lɛŋ◦sʰɛᶺŋ	stone		HSH-SCL	1959	Khumi	21
449785	sə.iʔ	sand		HSH-SCL	1959	Khumi	22
449786	laⁱkãŋ	mud		HSH-SCL	1959	Khumi	23
449787	kʰaⁱlɛᶺŋɗiˀ	dust		HSH-SCL	1959	Khumi	24
449788	məkùˀ	gold		HSH-SCL	1959	Khumi	25
449789	taŋkà	silver		HSH-SCL	1959	Khumi	26
449790	mɔ̀ːⁱ	mountain		HSH-SCL	1959	Khumi	27
449791	dɛŋ◦kɛᵘŋ	tree		HSH-SCL	1959	Khumi	28
449792	ɗaⁱsʰi	forest		HSH-SCL	1959	Khumi	29
449793	ɴ̹am	leaf		HSH-SCL	1959	Khumi	30
449794	tʰeⁱŋ.kɛlɛˀ	bark		HSH-SCL	1959	Khumi	31
449795	kəšɛᵘŋ◦paᵘˀ	flower		HSH-SCL	1959	Khumi	32
449796	tʰeⁱŋ.j ïŋ	root		HSH-SCL	1959	Khumi	33
449797	ətʰaⁱˀ	fruit		HSH-SCL	1959	Khumi	34
449798	mú	seed		HSH-SCL	1959	Khumi	35
449799	əsʰa	grass		HSH-SCL	1959	Khumi	36
449800	tʰeⁱŋ.ɓɛ̃ʔ	branch		HSH-SCL	1959	Khumi	37
449801	kutⁱ.ətʰaⁱˀ	banana		HSH-SCL	1959	Khumi	38
449802	vuːⁱ	rattan		HSH-SCL	1959	Khumi	39
449803	sʰampʰoˀla	papaya		HSH-SCL	1959	Khumi	41
449804	onsʰiˀ.ətʰaⁱˀ	coconut		HSH-SCL	1959	Khumi	42
449805	təvó	bird		HSH-SCL	1959	Khumi	43
449806	pᵊ◦kʰiˀ	wing		HSH-SCL	1959	Khumi	44
449807	tə◦vó.muⁱ	feather		HSH-SCL	1959	Khumi	45
449808	əkʰɛ̃ŋ	fly		HSH-SCL	1959	Khumi	46
449809	kᵊ◦duⁱ	egg		HSH-SCL	1959	Khumi	47
449810	tᵊ◦máːⁱ	tail		HSH-SCL	1959	Khumi	48
449811	pᵊsʰín	claw		HSH-SCL	1959	Khumi	49
449812	tᵊk̯i	horn		HSH-SCL	1959	Khumi	50
449813	tɔŋɓɔⁱˀ	animal		HSH-SCL	1959	Khumi	51
449814	uːⁱ	dog		HSH-SCL	1959	Khumi	52
449815	ɛᵘk	pig		HSH-SCL	1959	Khumi	53
449816	à	chicken		HSH-SCL	1959	Khumi	54
449817	rampaːⁱˀ	duck		HSH-SCL	1959	Khumi	55
449818	ŋɔ́	fish		HSH-SCL	1959	Khumi	56
449819	pᵊvuːⁱ	snake		HSH-SCL	1959	Khumi	57
449820	pᵊju	rat		HSH-SCL	1959	Khumi	58
449821	jɛᵘŋ	rabbit		HSH-SCL	1959	Khumi	59
449822	kəlaⁱ	monkey		HSH-SCL	1959	Khumi	60
449823	sʰisʰu	deer		HSH-SCL	1959	Khumi	61
449824	tᵊ◦kaːⁱ	tiger		HSH-SCL	1959	Khumi	62
449825	paⁱ◦nó	buffalo		HSH-SCL	1959	Khumi	63
449826	šʰi	cow		HSH-SCL	1959	Khumi	64
449827	kᵊsʰáːⁱ	elephant		HSH-SCL	1959	Khumi	65
449828	kᵊsʰáːⁱ.ho	elephant tusk		HSH-SCL	1959	Khumi	66
449829	tʰaⁱdɛ́ᶺŋ	worm		HSH-SCL	1959	Khumi	67
449830	kʰəmlusʰahə́ŋ	spider		HSH-SCL	1959	Khumi	69
449831	heⁱʔ	louse		HSH-SCL	1959	Khumi	70
449832	saŋɣaŋ	mosquito		HSH-SCL	1959	Khumi	71
449833	pᵊtʰaᵘ	fly	n	HSH-SCL	1959	Khumi	72
449834	no◦tᵊrə̃ŋ	nose		HSH-SCL	1959	Khumi	73
449835	meⁱʔ	eye		HSH-SCL	1959	Khumi	74
449836	kᵊnóʔ	ear		HSH-SCL	1959	Khumi	75
449837	lú	head		HSH-SCL	1959	Khumi	76
449838	tᵊbɛᶺŋ	mouth		HSH-SCL	1959	Khumi	77
449839	hó	tooth		HSH-SCL	1959	Khumi	78
449840	pᵊlaⁱ	tongue		HSH-SCL	1959	Khumi	79
449841	sʰãm	hair		HSH-SCL	1959	Khumi	80
449842	kᵊ◦nɛᶺŋ	neck		HSH-SCL	1959	Khumi	81
449843	pᵊleⁱŋ	shoulder		HSH-SCL	1959	Khumi	82
449844	kᵊnu	chest		HSH-SCL	1959	Khumi	83
449845	naŋkᵊleᵘŋ	back		HSH-SCL	1959	Khumi	84
449846	pᵊleᵘŋ	heart		HSH-SCL	1959	Khumi	85
449847	kᵊjeᵘʔ	abdomen		HSH-SCL	1959	Khumi	86
449848	tᵊví	intestines		HSH-SCL	1959	Khumi	87
449849	pᵊ◦tʰïn	liver		HSH-SCL	1959	Khumi	88
449850	keᵘʔ	hand		HSH-SCL	1959	Khumi	89
449851	keᵘ.pᵊdɔi	palm		HSH-SCL	1959	Khumi	90
449852	pᵊsʰïn	nail		HSH-SCL	1959	Khumi	91
449853	kʰeᵘ	leg		HSH-SCL	1959	Khumi	92
449854	kʰeᵘ	foot		HSH-SCL	1959	Khumi	93
449855	kʰeᵘ.kʰu	knee		HSH-SCL	1959	Khumi	94
449856	pʰaːⁱ	thigh		HSH-SCL	1959	Khumi	95
449857	kʰeᵘ.pɔ́n	calf		HSH-SCL	1959	Khumi	96
449858	tʰi	blood		HSH-SCL	1959	Khumi	97
449859	heᵘʔ	bone		HSH-SCL	1959	Khumi	98
449860	pʰeᵘ	skin		HSH-SCL	1959	Khumi	99
449861	ŋãn	flesh		HSH-SCL	1959	Khumi	100
449862	tʰaːᵘʔ	fat		HSH-SCL	1959	Khumi	101
449863	héːŋ	live		HSH-SCL	1959	Khumi	102
449864	dɛⁱʔ	die		HSH-SCL	1959	Khumi	102
449865	kɛᶺŋ.noʔ	sick		HSH-SCL	1959	Khumi	104
449866	tᵊhóʔ	breath		HSH-SCL	1959	Khumi	105
449867	tʰaːⁱʔ	hear		HSH-SCL	1959	Khumi	106
449868	neᵘʔ	see		HSH-SCL	1959	Khumi	107
449869	tʰúⁱʔ	speak		HSH-SCL	1959	Khumi	108
449870	pənuⁱʔ	laugh		HSH-SCL	1959	Khumi	109
449871	voʔ	weep		HSH-SCL	1959	Khumi	110
449872	pᵊjɔ	suck		HSH-SCL	1959	Khumi	111
449873	pᵊtʰɔⁱʔ	spit		HSH-SCL	1959	Khumi	112
449874	mu	blow		HSH-SCL	1959	Khumi	113
449875	kɛⁱʔ	bite		HSH-SCL	1959	Khumi	114
449876	sá	eat		HSH-SCL	1959	Khumi	115
449877	nɛ́i	drink		HSH-SCL	1959	Khumi	116
449878	pᵊvuⁱʔ	drunk		HSH-SCL	1959	Khumi	117
449879	pᵊlɛᵘ	vomit		HSH-SCL	1959	Khumi	118
449880	Muⁱʔ	smell		HSH-SCL	1959	Khumi	119
449881	dɛᶺŋ	think		HSH-SCL	1959	Khumi	120
449882	pᵊnəʔ	know		HSH-SCL	1959	Khumi	121
449883	kᵊtɛⁱnaⁱʔ	count		HSH-SCL	1959	Khumi	122
449884	jeⁱʔ	fear		HSH-SCL	1959	Khumi	123
449885	ŋaːⁱʔ	want		HSH-SCL	1959	Khumi	124
449886	iʔ	sleep		HSH-SCL	1959	Khumi	125
449887	jɔ̃ŋ	lie		HSH-SCL	1959	Khumi	126
449888	ətʰáuʔ	stand		HSH-SCL	1959	Khumi	127
449889	ədóʔ	stand		HSH-SCL	1959	Khumi	127
449890	ətɛiʔ	sit		HSH-SCL	1959	Khumi	128
449891	tᵊkóʔ	walk		HSH-SCL	1959	Khumi	129
449892	jɛᵘʔ	come		HSH-SCL	1959	Khumi	130
449893	kũŋ	enter		HSH-SCL	1959	Khumi	131
449894	vóⁱ	return		HSH-SCL	1959	Khumi	132
449895	əliʔ	turn		HSH-SCL	1959	Khumi	133
449896	tuⁱ.jaᵘʔ	swim		HSH-SCL	1959	Khumi	134
449897	lɛŋ	flow		HSH-SCL	1959	Khumi	136
449898	nuⁱʔ	push		HSH-SCL	1959	Khumi	137
449899	rïʔ	pull		HSH-SCL	1959	Khumi	138
449900	əpʰiʔ	throw		HSH-SCL	1959	Khumi	139
449901	klaᵘʔ	fall		HSH-SCL	1959	Khumi	140
449902	pɛⁱʔ	give		HSH-SCL	1959	Khumi	141
449903	laᵘʔ	take		HSH-SCL	1959	Khumi	142
449904	pᵊsʰiʔ	wash		HSH-SCL	1959	Khumi	143
449905	pᵊsʰu	launder		HSH-SCL	1959	Khumi	144
449906	pᵊ.auʔ	split		HSH-SCL	1959	Khumi	145
449907	pᵊkʰeⁱŋ	tie		HSH-SCL	1959	Khumi	146
449908	pᵊjuʔ	wipe		HSH-SCL	1959	Khumi	147
449909	tɛiʔ	rub		HSH-SCL	1959	Khumi	148
449910	pᵊkʰaᵘʔ	hit		HSH-SCL	1959	Khumi	149
449911	tɛŋ	cut		HSH-SCL	1959	Khumi	150
449912	tʰuŋ	stab		HSH-SCL	1959	Khumi	151
449913	taːi	dig		HSH-SCL	1959	Khumi	152
449914	tᵊpɣʰïŋ	scratch		HSH-SCL	1959	Khumi	153
449915	tᵊpi	squeeze		HSH-SCL	1959	Khumi	154
449916	nɛᶺmso	man		HSH-SCL	1959	Khumi	155
449917	nɛᶺmsə	woman		HSH-SCL	1959	Khumi	156
449918	kʰumí	person		HSH-SCL	1959	Khumi	157
449919	ãnpɔ	father		HSH-SCL	1959	Khumi	158
449920	ãnɱï	mother		HSH-SCL	1959	Khumi	159
449921	dɛᶺŋdi	child		HSH-SCL	1959	Khumi	160
449922	jəvó	husband		HSH-SCL	1959	Khumi	161
449923	əju	wife		HSH-SCL	1959	Khumi	162
449924	jaːⁱ	(el.) bro.		HSH-SCL	1959	Khumi	163
449925	jaːⁱ	(el.) sist.		HSH-SCL	1959	Khumi	164
449926	bɛsə	yngr.sibl.		HSH-SCL	1959	Khumi	165
449927	əmḯn	name		HSH-SCL	1959	Khumi	166
449928	kai	I		HSH-SCL	1959	Khumi	167
449929	naŋ	you (sg)		HSH-SCL	1959	Khumi	168
449930	ni	he		HSH-SCL	1959	Khumi	169
449931	kaisiʔ	we		HSH-SCL	1959	Khumi	170
449932	naŋ◦siʔ	you (pl)		HSH-SCL	1959	Khumi	171
449933	nisiʔ	they		HSH-SCL	1959	Khumi	172
449934	so	paddy rice		HSH-SCL	1959	Khumi	173
449935	sonéⁱ	pounded rice		HSH-SCL	1959	Khumi	174
449936	ɓeᵘʔ	cooked rice		HSH-SCL	1959	Khumi	175
449937	mɛᶺŋ.tẽʔ	corn		HSH-SCL	1959	Khumi	176
449938	pᵊlɔⁱ	salt		HSH-SCL	1959	Khumi	177
449939	sʰamrïŋ	red pepper		HSH-SCL	1959	Khumi	178
449940	mᵊraŋja	betel chew		HSH-SCL	1959	Khumi	179
449941	niːmlẽŋšʰɛᶺŋ	pestle		HSH-SCL	1959	Khumi	180
449942	niːmsʰora	mortar		HSH-SCL	1959	Khumi	181
449943	tʰɛᵘŋ	cook	v	HSH-SCL	1959	Khumi	182
449944	tʰeⁱŋ	firewood		HSH-SCL	1959	Khumi	183
449945	mai	fire		HSH-SCL	1959	Khumi	184
449946	maⁱkãn	burn		HSH-SCL	1959	Khumi	185
449947	maⁱkʰï	ashes		HSH-SCL	1959	Khumi	186
449948	maⁱpʰu	smoke		HSH-SCL	1959	Khumi	187
449949	lãm	road, path		HSH-SCL	1959	Khumi	188
449950	ïːm	house		HSH-SCL	1959	Khumi	189
449951	ïːmpʰu	roof		HSH-SCL	1959	Khumi	190
449952	vuⁱneᵘŋ	cord		HSH-SCL	1959	Khumi	191
449953	huⁱʔ	sew		HSH-SCL	1959	Khumi	192
449954	ɓaⁱsunɛⁱnaʔ	clothing		HSH-SCL	1959	Khumi	193
449955	lãnsẽn	loincloth		HSH-SCL	1959	Khumi	194
449956	sʰaʔ	work	v	HSH-SCL	1959	Khumi	195
449957	əmaᵘʔ	play		HSH-SCL	1959	Khumi	196
449958	kʰulïntʰuⁱ	sing		HSH-SCL	1959	Khumi	197
449959	lãn	dance		HSH-SCL	1959	Khumi	198
449960	pᵊpiŋ	drum		HSH-SCL	1959	Khumi	199
449961	mɛᵘŋ	gong		HSH-SCL	1959	Khumi	200
449962	vãn	buy		HSH-SCL	1959	Khumi	201
449963	tʰaⁱpᵊlo	crossbow		HSH-SCL	1959	Khumi	202
449964	le	crossbow		HSH-SCL	1959	Khumi	202
449965	tʰaⁱpᵊlomɛᵘŋ	arrow		HSH-SCL	1959	Khumi	203
449966	tᵊvi	spear		HSH-SCL	1959	Khumi	204
449967	ko	shoot		HSH-SCL	1959	Khumi	205
449968	mɔːⁱlïŋ	hunt		HSH-SCL	1959	Khumi	206
449969	pᵊdeⁱʔ	kill		HSH-SCL	1959	Khumi	207
449970	əneʔ	fight		HSH-SCL	1959	Khumi	208
449971	ha	one		HSH-SCL	1959	Khumi	209
449972	ɴïʔ	two		HSH-SCL	1959	Khumi	210
449973	tʰũŋ	three		HSH-SCL	1959	Khumi	211
449974	pᵊlï	four		HSH-SCL	1959	Khumi	212
449975	pãn	five		HSH-SCL	1959	Khumi	213
449976	tᵊriᵘʔ	six		HSH-SCL	1959	Khumi	214
449977	sʰərïʔ	seven		HSH-SCL	1959	Khumi	215
449978	tᵊjá	eight		HSH-SCL	1959	Khumi	216
449979	tᵊkɔ	nine		HSH-SCL	1959	Khumi	217
449980	hó	ten		HSH-SCL	1959	Khumi	218
449981	əpoŋ	twenty		HSH-SCL	1959	Khumi	219
449982	sũŋváⁱʔ	hundred		HSH-SCL	1959	Khumi	220
449983	ɓɛʔɓɛʔ	all		HSH-SCL	1959	Khumi	221
449984	noⁱrɔ̃ŋ	many		HSH-SCL	1959	Khumi	222
449985	pʰəreʔ	some		HSH-SCL	1959	Khumi	223
449986	maⁱɗeŋ	few		HSH-SCL	1959	Khumi	224
449987	lẽn	big		HSH-SCL	1959	Khumi	225
449988	tʰẽn	small		HSH-SCL	1959	Khumi	226
449989	sʰaᵘʔ	long		HSH-SCL	1959	Khumi	227
449990	ə◦sʰãn	tall		HSH-SCL	1959	Khumi	228
449991	ɗɔːⁱʔ	short		HSH-SCL	1959	Khumi	229
449992	əlînkîn	round		HSH-SCL	1959	Khumi	230
449993	pənáⁱ	smooth		HSH-SCL	1959	Khumi	231
449994	tʰoʔ	thick		HSH-SCL	1959	Khumi	232
449995	veᵘŋkᵊsi	thin		HSH-SCL	1959	Khumi	233
449996	káᵘʔ	wide		HSH-SCL	1959	Khumi	234
449997	amjeⁱŋ	narrow		HSH-SCL	1959	Khumi	235
449998	kamnuŋ	black		HSH-SCL	1959	Khumi	236
449999	kamsʰeŋ	red		HSH-SCL	1959	Khumi	237
450000	kamleᵘŋ	white		HSH-SCL	1959	Khumi	238
450001	kamhĩŋ	green		HSH-SCL	1959	Khumi	239
450002	kamŋaᵘ	yellow		HSH-SCL	1959	Khumi	240
450003	kᵊjeⁱʔ	dry		HSH-SCL	1959	Khumi	241
450004	sʰuⁱ	wet		HSH-SCL	1959	Khumi	242
450005	vɛᶺŋ	rotten		HSH-SCL	1959	Khumi	243
450006	ɓaᵘ	swell		HSH-SCL	1959	Khumi	244
450007	kɔ́ːiʔ	full		HSH-SCL	1959	Khumi	245
450008	pᵊsʰoʔ	dirty		HSH-SCL	1959	Khumi	246
450009	pᵊsʰı̈ⁱʔ	sharp		HSH-SCL	1959	Khumi	247
450010	əkʰõn	dull		HSH-SCL	1959	Khumi	248
450011	kãŋtʰa	new		HSH-SCL	1959	Khumi	249
450012	ɓí	hot		HSH-SCL	1959	Khumi	250
450013	sə◦váⁱ	cold		HSH-SCL	1959	Khumi	251
450014	jiʔ	heavy		HSH-SCL	1959	Khumi	252
450015	toʔ	straight		HSH-SCL	1959	Khumi	253
450016	tẽⁱŋ	right		HSH-SCL	1959	Khumi	254
450017	hɔ́ːⁱʔ	good		HSH-SCL	1959	Khumi	255
450018	hɔːⁱʔə́ʔ	bad		HSH-SCL	1959	Khumi	256
450019	sʰəníŋlen.naⁱʔ	old-aged		HSH-SCL	1959	Khumi	257
450020	kamlo	far		HSH-SCL	1959	Khumi	258
450021	kᵊsʰa	near		HSH-SCL	1959	Khumi	259
450022	lamtamáŋ	rightside		HSH-SCL	1959	Khumi	260
450023	lamvɔⁱmáŋ	leftside		HSH-SCL	1959	Khumi	261
450024	ətɔ̃n	same		HSH-SCL	1959	Khumi	262
450025	tᵊkʰa	different		HSH-SCL	1959	Khumi	263
450026	hi.ə	here		HSH-SCL	1959	Khumi	264
450027	ho.ə	there		HSH-SCL	1959	Khumi	265
450028	hini	this		HSH-SCL	1959	Khumi	266
450029	huni	that		HSH-SCL	1959	Khumi	267
450030	mənakʰá	when?		HSH-SCL	1959	Khumi	268
450031	məmaŋ.ə	where?		HSH-SCL	1959	Khumi	269
450032	əmí	who?		HSH-SCL	1959	Khumi	270
450033	əti	what?		HSH-SCL	1959	Khumi	271
450034	hɔːⁱ	and		HSH-SCL	1959	Khumi	272
450035	hɔːⁱvãnre	with		HSH-SCL	1959	Khumi	273
450036	ə	at		HSH-SCL	1959	Khumi	274
450037	naⁱʔɗẽᶺŋ.kʰo.ə	because		HSH-SCL	1959	Khumi	275
450038	məna	how		HSH-SCL	1959	Khumi	276
450039	naⁱbələ	if		HSH-SCL	1959	Khumi	277
450040	tʰeᵘŋ.ə	in		HSH-SCL	1959	Khumi	278
450041	nen.ə	not		HSH-SCL	1959	Khumi	279
450042	nen.ə.raⁱ	(not)yet		HSH-SCL	1959	Khumi	280
450043	pᵊjaᵘɓoʔ	already		HSH-SCL	1959	Khumi	281
450044	kʰœ◦sʰə◦ní	sky		HSH-SCL	1960	Wakung	1
450045	kʰœ◦ni	cloud		HSH-SCL	1960	Wakung	2
450046	kaní	sun		HSH-SCL	1960	Wakung	3
450047	xa	moon		HSH-SCL	1960	Wakung	4
450048	a◦sʰi	star		HSH-SCL	1960	Wakung	5
450049	kᵊli	wind		HSH-SCL	1960	Wakung	6
450050	kʰɶ	rain		HSH-SCL	1960	Wakung	7
450051	sᵊkilililu	rainbow		HSH-SCL	1960	Wakung	8
450052	tᵊmɛˀ	mist		HSH-SCL	1960	Wakung	9
450053	mᵊxoŋ	night		HSH-SCL	1960	Wakung	10
450054	mᵊní	day		HSH-SCL	1960	Wakung	11
450055	sʰəní	year		HSH-SCL	1960	Wakung	12
450056	kʰɶmiˀ	hail		HSH-SCL	1960	Wakung	13
450057	sʰənãŋ	snow		HSH-SCL	1960	Wakung	14
450058	ty	water		HSH-SCL	1960	Wakung	16
450059	təva	river		HSH-SCL	1960	Wakung	17
450060	kã	lake		HSH-SCL	1960	Wakung	18
450061	jimaˀ	sea		HSH-SCL	1960	Wakung	19
450062	kalɛ.ɗi	earth		HSH-SCL	1960	Wakung	20
450063	tᵊxoŋ	stone		HSH-SCL	1960	Wakung	21
450064	kalɛ.ɗi	sand		HSH-SCL	1960	Wakung	22
450065	taᵘkɔ̀	mud		HSH-SCL	1960	Wakung	23
450066	kalɛ.ɗi	dust		HSH-SCL	1960	Wakung	24
450067	xuⁱ	gold		HSH-SCL	1960	Wakung	25
450068	taŋká	silver		HSH-SCL	1960	Wakung	26
450069	tᵊkœŋ	mountain		HSH-SCL	1960	Wakung	27
450070	ḁkũŋ	tree		HSH-SCL	1960	Wakung	28
450071	dətʰũŋ	forest		HSH-SCL	1960	Wakung	29
450072	ḁxaŋ	leaf		HSH-SCL	1960	Wakung	30
450073	ḁpikə	bark		HSH-SCL	1960	Wakung	31
450074	ḁ◦paᵘˀ	flower		HSH-SCL	1960	Wakung	32
450075	ḁjuŋ	root		HSH-SCL	1960	Wakung	33
450076	ḁtʰɛʔ	fruit		HSH-SCL	1960	Wakung	34
450077	ḁmu	seed		HSH-SCL	1960	Wakung	35
450078	kᵊsʰaᵘˀ	grass		HSH-SCL	1960	Wakung	36
450079	tᵊpʰisʰeʔ	branch		HSH-SCL	1960	Wakung	37
450080	kutiʔ	banana		HSH-SCL	1960	Wakung	38
450081	xuⁱdu	rattan		HSH-SCL	1960	Wakung	39
450082	kũtʰɛʔkũŋ	areca		HSH-SCL	1960	Wakung	40
450083	pʰeⁱkatʰɛʔ	papaya		HSH-SCL	1960	Wakung	41
450084	onsʰitʰɛʔ	coconut		HSH-SCL	1960	Wakung	42
450085	tə◦vá	bird		HSH-SCL	1960	Wakung	43
450086	a◦mᵊkʰĩŋ	wing		HSH-SCL	1960	Wakung	44
450087	təvamy	feather		HSH-SCL	1960	Wakung	45
450088	kᵊjaᵘ	fly		HSH-SCL	1960	Wakung	46
450089	a◦dý	egg		HSH-SCL	1960	Wakung	47
450090	tᵊxukʰuⁱ	tail		HSH-SCL	1960	Wakung	48
450091	mᵊsĩŋ	claw		HSH-SCL	1960	Wakung	49
450092	tᵊk̯iŋ	horn		HSH-SCL	1960	Wakung	50
450093	mᵊjuva	animal		HSH-SCL	1960	Wakung	51
450094	y	dog		HSH-SCL	1960	Wakung	52
450095	ɔˀ	pig		HSH-SCL	1960	Wakung	53
450096	à	chicken		HSH-SCL	1960	Wakung	54
450097	mopɛ́	duck		HSH-SCL	1960	Wakung	55
450098	my	fish		HSH-SCL	1960	Wakung	56
450099	mᵊxuⁱˀ	snake		HSH-SCL	1960	Wakung	57
450100	mᵊ◦ju	rat		HSH-SCL	1960	Wakung	58
450101	juŋ	rabbit		HSH-SCL	1960	Wakung	59
450102	kalɛ	monkey		HSH-SCL	1960	Wakung	60
450103	sʰasʰu	deer		HSH-SCL	1960	Wakung	61
450104	tᵊ◦kɛ́	tiger		HSH-SCL	1960	Wakung	62
450105	mᵊ◦ná	buffalo		HSH-SCL	1960	Wakung	63
450106	xapø	cow		HSH-SCL	1960	Wakung	64
450107	sʰysʰɛʔ	elephant		HSH-SCL	1960	Wakung	65
450108	sʰysʰɛʔnɔʔ	elephant tusk		HSH-SCL	1960	Wakung	66
450109	tadeⁱŋ	worm		HSH-SCL	1960	Wakung	67
450110	mᵊxuⁱmᵊtiŋ	scorpion		HSH-SCL	1960	Wakung	68
450111	fə̃fa	spider		HSH-SCL	1960	Wakung	69
450112	xi	louse		HSH-SCL	1960	Wakung	70
450113	kəsə̃rãŋ	mosquito		HSH-SCL	1960	Wakung	71
450114	mᵊtʰaᵘ	fly	n	HSH-SCL	1960	Wakung	72
450115	nə◦kʰõŋ	nose		HSH-SCL	1960	Wakung	73
450116	miʔ	eye		HSH-SCL	1960	Wakung	74
450117	ḁ◦na◦kʰiŋ	ear		HSH-SCL	1960	Wakung	75
450118	lu	head		HSH-SCL	1960	Wakung	76
450119	məkʰa	mouth		HSH-SCL	1960	Wakung	77
450120	fa	tooth		HSH-SCL	1960	Wakung	78
450121	məlɛ	tongue		HSH-SCL	1960	Wakung	79
450122	sʰãŋ	hair		HSH-SCL	1960	Wakung	80
450123	tᵊœʔjanɡ	neck		HSH-SCL	1960	Wakung	81
450124	lepáʔ	shoulder		HSH-SCL	1960	Wakung	82
450125	kᵊnu	chest		HSH-SCL	1960	Wakung	83
450126	letʰũŋ	back		HSH-SCL	1960	Wakung	84
450127	mᵊluŋ	heart		HSH-SCL	1960	Wakung	85
450128	kᵊjoʔ	abdomen		HSH-SCL	1960	Wakung	86
450129	tᵊxi	intestines		HSH-SCL	1960	Wakung	87
450130	mᵊtʰeⁱn	liver		HSH-SCL	1960	Wakung	88
450131	kɶʔ	hand		HSH-SCL	1960	Wakung	89
450132	kɶ.mᵊja	palm		HSH-SCL	1960	Wakung	90
450133	mᵊsiŋ	nail		HSH-SCL	1960	Wakung	91
450134	kʰoʔ	leg		HSH-SCL	1960	Wakung	92
450135	kʰoʔ	foot		HSH-SCL	1960	Wakung	93
450136	kʰo.mᵊkʰu	knee		HSH-SCL	1960	Wakung	94
450137	pʰɛ	thigh		HSH-SCL	1960	Wakung	95
450138	kʰo.mᵊtãŋ	calf		HSH-SCL	1960	Wakung	96
450139	tʰi	blood		HSH-SCL	1960	Wakung	97
450140	xuʔ	bone		HSH-SCL	1960	Wakung	98
450141	piʔkᵊʔ	skin		HSH-SCL	1960	Wakung	99
450142	naʔ	flesh		HSH-SCL	1960	Wakung	100
450143	tʰaː	fat		HSH-SCL	1960	Wakung	101
450144	xin	live		HSH-SCL	1960	Wakung	102
450145	də	die		HSH-SCL	1960	Wakung	102
450146	xəʔə	sick		HSH-SCL	1960	Wakung	104
450147	kᵊha	breath		HSH-SCL	1960	Wakung	105
450148	tʰɛ	hear		HSH-SCL	1960	Wakung	106
450149	nuʔ	see		HSH-SCL	1960	Wakung	107
450150	təpɛ	speak		HSH-SCL	1960	Wakung	108
450151	mᵊny	laugh		HSH-SCL	1960	Wakung	109
450152	xaʔ	weep		HSH-SCL	1960	Wakung	110
450153	mᵊju	suck		HSH-SCL	1960	Wakung	111
450154	mᵊseⁱmᵊtʰy	spit		HSH-SCL	1960	Wakung	112
450155	mu	blow		HSH-SCL	1960	Wakung	113
450156	mᵊkeʔ	bite		HSH-SCL	1960	Wakung	114
450157	sa	eat		HSH-SCL	1960	Wakung	115
450158	niʔ	drink		HSH-SCL	1960	Wakung	116
450159	mᵊxyʔ	drunk		HSH-SCL	1960	Wakung	117
450160	mᵊlœ	vomit		HSH-SCL	1960	Wakung	118
450161	mᵊnãn	smell		HSH-SCL	1960	Wakung	119
450162	tàʔ	think		HSH-SCL	1960	Wakung	120
450163	mᵊnøʔ	know		HSH-SCL	1960	Wakung	121
450164	kᵊte	count		HSH-SCL	1960	Wakung	122
450165	xí	fear		HSH-SCL	1960	Wakung	123
450166	nãn	want		HSH-SCL	1960	Wakung	124
450167	iʔ	sleep		HSH-SCL	1960	Wakung	125
450168	kᵊsʰõn	lie		HSH-SCL	1960	Wakung	126
450169	kᵊdœʔ	stand		HSH-SCL	1960	Wakung	127
450170	kᵊnœʔ	sit		HSH-SCL	1960	Wakung	128
450171	tᵊkeʔ	walk		HSH-SCL	1960	Wakung	129
450172	və	come		HSH-SCL	1960	Wakung	130
450173	kœ̃ŋ	enter		HSH-SCL	1960	Wakung	131
450174	vy	return		HSH-SCL	1960	Wakung	132
450175	kᵊ◦veⁱ	turn		HSH-SCL	1960	Wakung	133
450176	tykᵊlãn	swim		HSH-SCL	1960	Wakung	134
450177	pʰɔ̃nkɔ	float		HSH-SCL	1960	Wakung	135
450178	kᵊjaʔ	flow		HSH-SCL	1960	Wakung	136
450179	nyʔ	push		HSH-SCL	1960	Wakung	137
450180	xeⁱʔ	pull		HSH-SCL	1960	Wakung	138
450181	mᵊhéiʔ	throw		HSH-SCL	1960	Wakung	139
450182	kᵊlèʔ	fall		HSH-SCL	1960	Wakung	140
450183	pœ̀ʔ	give		HSH-SCL	1960	Wakung	141
450184	làʔ	take		HSH-SCL	1960	Wakung	142
450185	mᵊsʰeiʔ	wash		HSH-SCL	1960	Wakung	143
450186	mᵊsʰuʔ	launder		HSH-SCL	1960	Wakung	144
450187	mᵊkʰøʔ	split		HSH-SCL	1960	Wakung	145
450188	mᵊkeⁱʔ	tie		HSH-SCL	1960	Wakung	146
450189	tᵊxoʔ	wipe		HSH-SCL	1960	Wakung	147
450190	mᵊsʰaʔ	rub		HSH-SCL	1960	Wakung	148
450191	ɓɔᵘʔ	hit		HSH-SCL	1960	Wakung	149
450192	ɓəŋ	cut		HSH-SCL	1960	Wakung	150
450193	xuŋ	stab		HSH-SCL	1960	Wakung	151
450194	tɛʔ	dig		HSH-SCL	1960	Wakung	152
450195	tᵊpɣʰan	scratch		HSH-SCL	1960	Wakung	153
450196	tᵊpiʔ	squeeze		HSH-SCL	1960	Wakung	154
450197	nápadiʔ	man		HSH-SCL	1960	Wakung	155
450198	nypydiʔ	woman		HSH-SCL	1960	Wakung	156
450199	kʰimi	person		HSH-SCL	1960	Wakung	157
450200	pᵊ.ɛ	father		HSH-SCL	1960	Wakung	158
450201	nᵊø	mother		HSH-SCL	1960	Wakung	159
450202	dadeiʔ	child		HSH-SCL	1960	Wakung	160
450203	napaʔ	husband		HSH-SCL	1960	Wakung	161
450204	nypyʔ	wife		HSH-SCL	1960	Wakung	162
450205	jᵊ.ɛ	(el.) bro.		HSH-SCL	1960	Wakung	163
450206	jᵊ.ɛ	(el.) sist.		HSH-SCL	1960	Wakung	164
450207	sosa	(el.) sist.		HSH-SCL	1960	Wakung	164
450208	napi	yngr.sibl.		HSH-SCL	1960	Wakung	165
450209	sisa	yngr.sibl.		HSH-SCL	1960	Wakung	165
450210	a◦mi	name		HSH-SCL	1960	Wakung	166
450211	kɛ	I		HSH-SCL	1960	Wakung	167
450212	naŋ	you (sg)		HSH-SCL	1960	Wakung	168
450213	a◦maʔ	he		HSH-SCL	1960	Wakung	169
450214	mɛjiʔ	we		HSH-SCL	1960	Wakung	170
450215	majiʔ	you (pl)		HSH-SCL	1960	Wakung	171
450216	amaji	they		HSH-SCL	1960	Wakung	172
450217	saʔ	paddy rice		HSH-SCL	1960	Wakung	173
450218	saʔni	pounded rice		HSH-SCL	1960	Wakung	174
450219	ɓuʔ	cooked rice		HSH-SCL	1960	Wakung	175
450220	ɓɔ̃káɓɔ̃	corn		HSH-SCL	1960	Wakung	176
450221	mᵊlø	salt		HSH-SCL	1960	Wakung	177
450222	mᵊɣə	red pepper		HSH-SCL	1960	Wakung	178
450223	kõɣãŋja	betel chew		HSH-SCL	1960	Wakung	179
450224	sʰyʔjãn	pestle		HSH-SCL	1960	Wakung	180
450225	sʰuŋ	mortar		HSH-SCL	1960	Wakung	181
450226	tʰɔ̃nə́ʔ	cook	v	HSH-SCL	1960	Wakung	182
450227	tʰẽiŋ	firewood		HSH-SCL	1960	Wakung	183
450228	mɛ	fire		HSH-SCL	1960	Wakung	184
450229	mɛkãn	burn		HSH-SCL	1960	Wakung	185
450230	mɛkʰœ	ashes		HSH-SCL	1960	Wakung	186
450231	pʰysᵊkə	smoke		HSH-SCL	1960	Wakung	187
450232	lãn	road, path		HSH-SCL	1960	Wakung	188
450233	ĩn	house		HSH-SCL	1960	Wakung	189
450234	ĩnpʰú	roof		HSH-SCL	1960	Wakung	190
450235	kʰãxuⁱ	cord		HSH-SCL	1960	Wakung	191
450236	xuⁱ	sew		HSH-SCL	1960	Wakung	192
450237	inaʔtʰɔnaʔ	clothing		HSH-SCL	1960	Wakung	193
450238	patᵊriʔ	loincloth		HSH-SCL	1960	Wakung	194
450239	sʰa	work	v	HSH-SCL	1960	Wakung	195
450240	xãna	play		HSH-SCL	1960	Wakung	196
450241	əlõŋxuⁱ	sing		HSH-SCL	1960	Wakung	197
450242	mᵊ◦lãn	dance		HSH-SCL	1960	Wakung	198
450243	sʰɛpuŋ	drum		HSH-SCL	1960	Wakung	199
450244	mɔ̃ŋ	gong		HSH-SCL	1960	Wakung	200
450245	xãn	buy		HSH-SCL	1960	Wakung	201
450246	leⁱ	crossbow		HSH-SCL	1960	Wakung	202
450247	mᵊla	arrow		HSH-SCL	1960	Wakung	203
450248	sᵊxi	spear		HSH-SCL	1960	Wakung	204
450249	ká	shoot		HSH-SCL	1960	Wakung	205
450250	sʰaxy	hunt		HSH-SCL	1960	Wakung	206
450251	mᵊtʰiʔ	kill		HSH-SCL	1960	Wakung	207
450252	tᵊtɛ	fight		HSH-SCL	1960	Wakung	208
450253	hã	one		HSH-SCL	1960	Wakung	209
450254	ni	two		HSH-SCL	1960	Wakung	210
450255	tʰũn	three		HSH-SCL	1960	Wakung	211
450256	mᵊli	four		HSH-SCL	1960	Wakung	212
450257	pə◦ŋ	five		HSH-SCL	1960	Wakung	213
450258	tᵊruʔ	six		HSH-SCL	1960	Wakung	214
450259	sʰəriʔ	seven		HSH-SCL	1960	Wakung	215
450260	tᵊja	eight		HSH-SCL	1960	Wakung	216
450261	tᵊkɔ	nine		HSH-SCL	1960	Wakung	217
450262	xa◦sʰəʔ	ten		HSH-SCL	1960	Wakung	218
450263	ky◦sʰəʔ	twenty		HSH-SCL	1960	Wakung	219
450264	hanliɓɛʔ	hundred		HSH-SCL	1960	Wakung	220
450265	ḁxələpi	all		HSH-SCL	1960	Wakung	221
450266	ḁmədɔʔ	many		HSH-SCL	1960	Wakung	222
450267	tɛxuŋ	some		HSH-SCL	1960	Wakung	223
450268	səxəʔ	few		HSH-SCL	1960	Wakung	224
450269	hœ	big		HSH-SCL	1960	Wakung	225
450270	sʰĩn	small		HSH-SCL	1960	Wakung	226
450271	sʰaⁱ	long		HSH-SCL	1960	Wakung	227
450272	ḁxeⁱsʰa	tall		HSH-SCL	1960	Wakung	228
450273	a◦ɗøʔ	short		HSH-SCL	1960	Wakung	229
450274	tᵊ◦pu◦lu	round		HSH-SCL	1960	Wakung	230
450275	sʰyxœ	smooth		HSH-SCL	1960	Wakung	231
450276	tʰa◦kʰũŋ	thick		HSH-SCL	1960	Wakung	232
450277	ḁxuŋsʰĩŋ	thin		HSH-SCL	1960	Wakung	233
450278	ḁsʰaᵘ	wide		HSH-SCL	1960	Wakung	234
450279	ḁ◦ɗø	narrow		HSH-SCL	1960	Wakung	235
450280	kanu	black		HSH-SCL	1960	Wakung	236
450281	kalẽⁱn	red		HSH-SCL	1960	Wakung	237
450282	kaluŋ	white		HSH-SCL	1960	Wakung	238
450283	kasʰi	green		HSH-SCL	1960	Wakung	239
450284	y.aŋ	yellow		HSH-SCL	1960	Wakung	240
450285	kə̃pʰə̃ŋ	dry		HSH-SCL	1960	Wakung	241
450286	sʰy	wet		HSH-SCL	1960	Wakung	242
450287	xuŋpœʔ	rotten		HSH-SCL	1960	Wakung	243
450288	paᵘkɔᵘʔ	swell		HSH-SCL	1960	Wakung	244
450289	kœpək	full		HSH-SCL	1960	Wakung	245
450290	pœsa	dirty		HSH-SCL	1960	Wakung	246
450291	mᵊsy	sharp		HSH-SCL	1960	Wakung	247
450292	sʰɛpi	dull		HSH-SCL	1960	Wakung	248
450293	ka◦tʰa	new		HSH-SCL	1960	Wakung	249
450294	ɓi	hot		HSH-SCL	1960	Wakung	250
450295	mᵊdĩn	cold		HSH-SCL	1960	Wakung	251
450296	lekʰũŋ	heavy		HSH-SCL	1960	Wakung	252
450297	topɣʰẽŋ	straight		HSH-SCL	1960	Wakung	253
450298	səja	right		HSH-SCL	1960	Wakung	254
450299	hø	good		HSH-SCL	1960	Wakung	255
450300	hø.əʔ	bad		HSH-SCL	1960	Wakung	256
450301	kẽntaʔ	old-aged		HSH-SCL	1960	Wakung	257
450302	xãnla	far		HSH-SCL	1960	Wakung	258
450303	pá	near		HSH-SCL	1960	Wakung	259
450304	tᵊ.á	rightside		HSH-SCL	1960	Wakung	260
450305	lavø	leftside		HSH-SCL	1960	Wakung	261
450306	tuʔ	same		HSH-SCL	1960	Wakung	262
450307	əxəxə	different		HSH-SCL	1960	Wakung	263
450308	nɛmɛʔ	here		HSH-SCL	1960	Wakung	264
450309	hamɛʔ	there		HSH-SCL	1960	Wakung	265
450310	nɛʔ	this		HSH-SCL	1960	Wakung	266
450311	hanɛʔ	that		HSH-SCL	1960	Wakung	267
450312	pɛʔnimɛʔ	when?		HSH-SCL	1960	Wakung	268
450313	namɛʔ	where?		HSH-SCL	1960	Wakung	269
450314	apɛʔmɛʔ	who?		HSH-SCL	1960	Wakung	270
450315	tanɛʔmiʔ	what?		HSH-SCL	1960	Wakung	271
450316	hɛ	and		HSH-SCL	1960	Wakung	272
450317	hanɛʔhɛ	with		HSH-SCL	1960	Wakung	273
450318	mɛʔ	at		HSH-SCL	1960	Wakung	274
450319	nakətɛt.təkʰœ̃n	because		HSH-SCL	1960	Wakung	275
450320	nakəʔ	how		HSH-SCL	1960	Wakung	276
450321	la	if		HSH-SCL	1960	Wakung	277
450322	atʰuŋmɛʔ	in		HSH-SCL	1960	Wakung	278
450323	səʔəʔ	not		HSH-SCL	1960	Wakung	279
450324	səʔəʔmanka	(not)yet		HSH-SCL	1960	Wakung	280
450325	kʰəŋmᵊdəʔ	already		HSH-SCL	1960	Wakung	281
